server_name,description,category,repo_link
modelcontextprotocol/servers,Model Context Protocol Servers,MCP Server,https://github.com/modelcontextprotocol/servers
GitHub's official MCP Server,GitHub's official MCP Server,MCP Server,https://github.com/github/github-mcp-server
punkpeye/awesome-mcp-servers,A collection of MCP servers.,MCP Server,https://github.com/punkpeye/awesome-mcp-servers
A practical guide on how to use the GitHub MCP server,A practical guide on how to use the GitHub MCP server Â· Step 1: Install the remote MCP server Â· Step 2: Configure access controls Â· Step 3: Try ...,MCP Server,https://github.blog/ai-and-ml/generative-ai/a-practical-guide-on-how-to-use-the-github-mcp-server/
Using the GitHub MCP Server,Learn how to use the GitHub Model Context Protocol (MCP) server to extend Copilot Chat.,MCP Server,https://docs.github.com/en/copilot/how-tos/provide-context/use-mcp/use-the-github-mcp-server
Use MCP servers in VS Code,Learn how to configure and use Model Context Protocol (MCP) servers with GitHub Copilot in Visual Studio Code.,MCP Server,https://code.visualstudio.com/docs/copilot/chat/mcp-servers
Example Servers,This page showcases various Model Context Protocol (MCP) servers that demonstrate the protocol's capabilities and versatility.,MCP Server,https://modelcontextprotocol.io/examples
wong2/awesome-mcp-servers,A curated list of Model Context Protocol (MCP) servers,MCP Server,https://github.com/wong2/awesome-mcp-servers
GitHub - A collection of MCP servers,"I created a MCP server to help installing MCP from prompt. MCP Easy Intaller. Github search for MCP servers, Install from Github and NPMJS url.",MCP Server,https://www.reddit.com/r/ClaudeAI/comments/1h36xzl/github_awesomemcpservers_a_collection_of_mcp/
Remote GitHub MCP Server is now in public preview,"The GitHub MCP Server allows AI tools like GitHub Copilot in VS Code and Visual Studio, Claude Desktop, and others to seamlessly access live GitHub context and ...",MCP Server,https://github.blog/changelog/2025-06-12-remote-github-mcp-server-is-now-available-in-public-preview/
NEW GitHub MCP Server Automates My Developer Workflows,Let's talk a little bit about automating our tasks as developers by using the new github mcp server.,MCP Server,https://www.youtube.com/watch?v=JFLjWfnhNGs&pp=0gcJCfwAo7VqN5tD
appcypher/awesome-mcp-servers,Awesome MCP Servers - A curated list of Model Context Protocol servers,MCP Server,https://github.com/appcypher/awesome-mcp-servers
GitMCP,"GitMCP creates a dedicated Model Context Protocol (MCP) server for any GitHub project, enabling AI assistants to understand your code in context.",MCP Server,https://gitmcp.io/
Use MCP servers - Visual Studio (Windows),"GitHub's official MCP server offers tools to list repositories, create pull requests, or manage issues. MCP servers can run locally on your ...",MCP Server,https://learn.microsoft.com/en-us/visualstudio/ide/mcp-servers?view=vs-2022
Model Context Protocol,The Model Context Protocol (MCP) is an open protocol that enables seamless integration between LLM applications and external data sources and tools.,MCP Server,https://github.com/modelcontextprotocol
[GitHub] Awesome MCP Servers,I'm putting together a curated list of Model Context Protocol (MCP) servers that you might find useful if you're working with Claude Desktop or interested in ...,MCP Server,https://www.reddit.com/r/Anthropic/comments/1h2buuv/github_awesome_mcp_servers_a_collection_of_model/
Awesome MCP Servers,"An MCP server for interacting with various services like Slack, Harvest, and GitHub to manage activities and data. View Details. Actual Budget. Integrate Actual ...",MCP Server,https://mcpservers.org/
GitHub MCP Server,"Provides tools for interacting with GitHub's API through the MCP protocol, allowing users to create repositories, push content, and retrieve user information.",MCP Server,https://glama.ai/mcp/servers/@modelcontextprotocol/github
Must-Have MCP Servers for Coding and Beyond,Roo and Cline can 100% use MCP servers. Cline is easier to setup as they have a marketplace built in. I've found the easiest way to get them ...,MCP Server,https://www.reddit.com/r/ClaudeAI/comments/1k0f3vs/musthave_mcp_servers_for_coding_and_beyond/
MCP Market,"Official MCP Servers Â· Bright Data Â· Firecrawl Â· ElevenLabs Â· Magic Â· Browserbase Â· Exa. 2,130. Enables AI assistants like Claude to perform web searches using ...",MCP Server,https://mcpmarket.com/
A Comprehensive Guide to the Best MCP Servers for 2025,Detailed Comparison of Top MCP Servers Â· 1. Blender-MCP Â· 2. GitHub-MCP Â· 3. File System-MCP Â· 4. Docker-MCP Â· 5. WhatsApp-MCP Â· 6. Puppeteer- ...,MCP Server,https://medium.com/@tam.tamanna18/a-comprehensive-guide-to-the-best-mcp-servers-for-2025-5ee541b2b00f
I tried 100+ MCP Servers and Here's my Top 10,"Try apps like MCP Now, which helps manage all servers from one place, making it easy to hot-swap between configs and test flows quickly without digging into ...",MCP Server,https://dev.to/therealmrmumba/top-10-cursor-mcp-servers-in-2025-1nm7/comments
Top 10 MCP Servers & Clients for AI Workflow Automation ...,Top 10 MCP Servers Â· 1. Filesystem Â· 2. Playwright Â· 3. Run Python Â· 4. GitHub Â· 5. WhatsApp Â· 6. Notion Â· 7. Tavily Â· 8. mem0. The ...,MCP Server,https://www.datacamp.com/blog/top-mcp-servers-and-clients
10 Microsoft MCP Servers to Accelerate Your Development ...,1. Microsoft Learn Docs MCP Server Â· 2. â˜ï¸ Azure MCP Server Â· 3. GitHub MCP Server Â· 4. Azure DevOps MCP Server Â· 5. MarkItDown MCP Server Â· 6 ...,MCP Server,https://devblogs.microsoft.com/blog/10-microsoft-mcp-servers-to-accelerate-your-development-workflow
The 3 MUST Have MCP Servers for Any AI Coding (and How ...,My workflow for coding anything with AI revolves around three core MCP servers so I want to cover those with you right now.,MCP Server,https://www.youtube.com/watch?v=MBaTuJfICP4
Awesome MCP servers,Deep dive into the MCP server directory Â· 1. K2view MCP server Â· 2. Vectara MCP server Â· 3. Zapier MCP server Â· 4. Notion MCP server Â· 5.,MCP Server,https://www.k2view.com/blog/awesome-mcp-servers
Top 10 MCP Servers You Can Try in 2025,1. File System MCP Server: Your Local File Wizard Â· 2. GitHub MCP Server: Code Management Made Easy Â· 3. Slack MCP Server: Chat Automation Hero Â· 4. Google Maps ...,MCP Server,https://apidog.com/blog/top-10-mcp-servers/
Top 10 awesome MCP servers that can make your life easier,1. Notion for automated note-taking Â· 2. Figma: From Design to Code Â· 3. Supabase for managing the database from an IDE Â· 4. Firecrawl MCP for ...,MCP Server,https://composio.dev/blog/10-awesome-mcp-servers-to-make-your-life-easier
10 Awesome MCP Servers,1. Filesystem MCP Server Â· 2. Google Drive MCP Server Â· 3. Slack MCP Server Â· 4. Memory MCP Server Â· 5. Spotify MCP Server Â· 6. Notion MCP Server Â· 7.,MCP Server,https://www.kdnuggets.com/10-awesome-mcp-servers
My Top 13 MCP Servers (That I Actually Use),"It's May 2025, and these are the 13 MCP servers I actually use for personal productivity, development, and project management.",MCP Server,https://www.youtube.com/watch?v=9BVSz5GayWc
The top 15 MCP servers for your AI projects,The top 15 MCP servers for your AI projects Â· 1. GitHub MCP server: Advanced code automation and analysis Â· 2. MongoDB MCP server: Natural ...,MCP Server,https://blog.logrocket.com/top-15-mcp-servers-ai-projects/
The Top 20 MCP Servers for Developers (According to ...,File & Coding Tools Â· 1. Sequential Thinking MCP Â· 2. GitHub MCP Â· 3. Serena MCP Â· 4. DesktopCommanderMCP Â· 5. File System MCP Â· 6. Docker MCP.,MCP Server,https://medium.com/@elisowski/the-top-20-mcp-servers-for-developers-according-to-reddits-users-bab333886336
An MCP server capable of interacting with the Box API,An MCP server capable of interacting with the Box API,MCP Server,https://github.com/box-community/mcp-server-box
awslabs/mcp,"AWS MCP Servers â€” helping you get the most out of AWS, wherever you use MCP.",MCP Server,https://github.com/awslabs/mcp
docker/mcp-servers,Model Context Protocol Servers,MCP Server,https://github.com/docker/mcp-servers
quarkiverse/quarkus-mcp-servers,Model Context Protocol Servers in Quarkus,MCP Server,https://github.com/quarkiverse/quarkus-mcp-servers
Context7 MCP Server -- Up-to-date code documentation for ...,Context7 MCP Server -- Up-to-date code documentation for LLMs and AI code editors,MCP Server,https://github.com/upstash/context7
mcp-use is the easiest way to interact with mcp servers with ...,mcp-use is the easiest way to interact with mcp servers with custom agents,MCP Server,https://github.com/mcp-use/mcp-use
anaisbetts/mcp-installer,An MCP server that installs other MCP servers for you,MCP Server,https://github.com/anaisbetts/mcp-installer
PipedreamHQ/awesome-mcp-servers,A collection of MCP servers,MCP Server,https://github.com/PipedreamHQ/awesome-mcp-servers
Extending GitHub Copilot coding agent with the Model ...,"You configure MCP servers using a special JSON format. The JSON must contain an mcpServers object, where the key is the name of the MCP server (for example, ...",MCP Server,https://docs.github.com/copilot/customizing-copilot/using-model-context-protocol/extending-copilot-coding-agent-with-mcp
Catalog of official Microsoft MCP (Model Context Protocol) ...,Catalog of official Microsoft MCP (Model Context Protocol) server implementations for AI-powered data access and tool integration,MCP Server,https://github.com/microsoft/mcp
jlowin/fastmcp,"ðŸš€ The fast, Pythonic way to build MCP servers and clients",MCP Server,https://github.com/jlowin/fastmcp
microsoft/playwright-mcp,Playwright MCP server,MCP Server,https://github.com/microsoft/playwright-mcp
modelcontextprotocol/servers-archived,Reference MCP servers that are no longer maintained,MCP Server,https://github.com/modelcontextprotocol/servers-archived
30+ MCP Ideas with Complete Source Code,We will learn about MCP and explore 30+ MCP servers with complete source code. You will find a demo in almost every example and some useful projects at the end.,MCP Server,https://dev.to/copilotkit/30-mcp-ideas-with-complete-source-code-d8e
9 Hands-On MCP Projects to Strengthen Your AI Portfolio,"9 practical MCP project ideas designed to help AI engineers build real-world, tool-using agents with Claude, LangChain, and open protocols.",MCP Server,https://www.projectpro.io/article/mcp-projects/1142
Coolest things built with MCP?,What are some of the coolest AI agents you've seen built using MCP servers? I've been using some MCP servers locally mainly for software development.,MCP Server,https://www.reddit.com/r/mcp/comments/1k7dwul/coolest_things_built_with_mcp/
Top 8 Open Source MCP Projects with the Most GitHub Stars,Top 8 Open Source MCP Projects with the Most GitHub Stars Â· â„–1: n8n Â· â„–2: dify Â· â„–3: Open WebUI Â· â„–4: Netdata Â· â„–5: Lobe Chat Â· â„–6: Glama Â· â„–7: RAGFlow.,MCP Server,https://medium.com/@nocobase/top-8-open-source-mcp-projects-with-the-most-github-stars-f2e2a603b41d
Model Context Protocol (MCP),"In this blog, I'll guide you through building an MCP-powered PR review server that integrates with Claude Desktop.",MCP Server,https://www.datacamp.com/tutorial/mcp-model-context-protocol
Build an MCP Server,"In this tutorial, we'll build a simple MCP weather server and connect it to a host, Claude for Desktop. We'll start with a basic setup, and then progress to ...",MCP Server,https://modelcontextprotocol.io/quickstart/server
Guide to the Dev Mode MCP Server,The Dev Mode MCP Server brings Figma directly into your workflow by providing important design information and context to AI agents generating code from Figma ...,MCP Server,https://help.figma.com/hc/en-us/articles/32132100833559-Guide-to-the-Dev-Mode-MCP-Server
Build MCP Servers With Tools From Scratch With Langchain,Build AI Assistant With MCP Servers And Tools Using LangChain And Groq Â· All You Need To Know About Model Context Protocol(MCP) Â· The Ultimate MCP ...,MCP Server,https://www.youtube.com/watch?v=ASRCJK2aWk0&pp=0gcJCd4JAYcqIYzv
Connect Claude Code to tools via MCP,"Claude Code can connect to hundreds of external tools and data sources through the Model Context Protocol (MCP), an open-source standard for AI-tool ...",MCP Server,https://docs.anthropic.com/en/docs/claude-code/mcp
Wish,"I want to be able to specify a config in the .cursor folder of my project which defines that project-specific MCP server (or multiple, but even just one would ...",MCP Server,https://forum.cursor.com/t/wish-project-specific-mcp-server-configs/50725
9 MCP Projects for AI Engineers - by Avi Chawla,#1) 100% local MCP client Â· #2) MCP-powered Agentic RAG Â· #3) MCP-powered financial analyst Â· #4) MCP-powered Voice Agent Â· #5) A unified MCP server.,MCP Server,https://blog.dailydoseofds.com/p/9-mcp-projects-for-ai-engineers
How to Build a Simple MCP Server? | by Khushbu Shah,"In this tutorial, we will take you step by step through building a simple MCP server that fetches real-time weather data, gives you the latest forecasts,",MCP Server,https://medium.com/projectpro/how-to-build-a-simple-mcp-server-0659672bc52d
executeautomation/mcp-database-server,"MCP Database Server is a new MCP Server which helps connect with Sqlite, SqlServer and Posgresql Databases",MCP Server,https://github.com/executeautomation/mcp-database-server
MCP Server Directory,A daily-updated directory of all Model Context Protocol (MCP) servers available on the internet. Connect your AI apps to external data sources and services.,MCP Server,https://www.pulsemcp.com/servers
MCP Servers,"MCP Server is a system that provides context, tools, and prompts to AI clients. It can expose data sources like files, documents, databases, and API ...",MCP Server,https://mcp.so/
Introducing MCP Server for Oracle Database,It can now be run as an MCP Server and provides MCP tools that allow an AI assistant to securely connect to Oracle Database. SQLcl manages the ...,MCP Server,https://blogs.oracle.com/database/post/introducing-mcp-server-for-oracle-database
Supercharging AWS database development with ...,"In this post, we explore the core concepts behind MCP and demonstrate how new AWS MCP servers can accelerate your database development through natural language ...",MCP Server,https://aws.amazon.com/blogs/database/supercharging-aws-database-development-with-aws-mcp-servers/
Introduction | MCP Toolbox for Databases,"MCP Toolbox for Databases is an open source MCP server for databases. It enables you to develop tools easier, faster, and more securely.",MCP Server,https://googleapis.github.io/genai-toolbox/getting-started/introduction/
MCP Toolbox for Databases (formerly Gen AI ...,MCP Toolbox for Databases (Toolbox) is an open-source MCP (Model Context Protocol) server that allows developers to connect gen AI agents to enterprise data ...,MCP Server,https://cloud.google.com/blog/products/ai-machine-learning/mcp-toolbox-for-databases-now-supports-model-context-protocol
List of all MCP Servers (42),"A comprehensive map of all available MCP servers, from reference implementations to community contributions",MCP Server,https://portkey.ai/mcp-servers
MCP servers,"Production-ready MCP servers that extend AI capabilities through file access, database connections, API integrations, and other contextual services.",MCP Server,https://glama.ai/mcp/servers
Introducing MSSQL MCP Server (Preview) - Azure SQL ...,"This powerful gateway provides seamless connection across on-premises SQL Server, Azure SQL Database, and SQL Database in Microsoft Fabric, ...",MCP Server,https://devblogs.microsoft.com/azure-sql/introducing-mssql-mcp-server/
Unified Model Context Protocol (MCP) Server for Databases,"MindsDB's MCP server connects AI models directly to your database ecosystemsâ€”whether cloud-based, on-premises, or hybridâ€”including Oracle, PostgreSQL, MongoDB, ...",MCP Server,https://mindsdb.com/unified-model-context-protocol-mcp-server-for-databases
Turning Your Database Into an MCP Server With Auth,"With a remote MCP server, organizations expose their data and services to AI models over the internet, so the most important thing is Auth (authentication and ...",MCP Server,https://dev.to/zenstack/turning-your-database-into-an-mcp-server-with-auth-32mp
MCP Servers for Cursor,This Model Context Protocol (MCP) server enables seamless integration between AI-powered development environments and your DigitalOcean managed databases. Works ...,MCP Server,https://cursor.directory/mcp
Database MCP Server,"I'll show you the all-new Database MCP Server that lets you query SQL Server, SQLite and Postgres Server using just natural language.",MCP Server,https://www.youtube.com/watch?v=aEDimJAsRBQ
What is an MCP server?,"An MCP server is a component of the Model Context Protocol (MCP), a standard designed to connect GenAI applications with enterprise data and AI tools.",MCP Server,https://www.k2view.com/blog/mcp-server/
A Model Context Protocol (MCP) server for Microsoft SQL ...,"A Model Context Protocol (MCP) server for Microsoft SQL Server that enables secure database interactions through a controlled interface. Allows AI assistants to safely list tables, read data, and execute SQL queries while maintaining security and structure.",MCP Server,https://github.com/RichardHan/mssql_mcp_server
Learn MCP by building an SQL AI Agent,MCP Server: This is where you define your AI tools and how they work. You set up a server that knows how to do things like query a database or ...,MCP Server,https://www.reddit.com/r/ChatGPTCoding/comments/1jd9lfa/learn_mcp_by_building_an_sql_ai_agent/
Microsoft SQL Server MCP tool,An MCP (Model Context Protocol) tool makes database commands available to AI agents such as GitHub Copilot or Claude Code. Microsoft has now ...,MCP Server,https://devclass.com/2025/07/02/microsoft-sql-server-mcp-tool-leap-in-data-interaction-or-limited-and-frustrating/
Agents at Work,"In our previous blogpost, we introduced the groundbreaking MSSQL MCP Server (in Preview), highlighting its role in bridging your MSSQL databases ...",MCP Server,https://devblogs.microsoft.com/azure-sql/mssql-mcp-server-in-action-susans-journey/
MSSQL MCP Server,Enables execution of SQL queries and management of Microsoft SQL Server database connections through the Model Context Protocol.,MCP Server,https://glama.ai/mcp/servers/@c0h1b4/mssql-mcp-server
The Best MCP Servers and LLMs for MS SQL Server,The Best MCP Servers and LLMs for MS SQL Server Â· 1. DreamFactory Â· 2. Azure SQL Database Â· 3. OpenAI Codex Â· 4. GPT-4-based Models.,MCP Server,https://blog.dreamfactory.com/the-best-mcp-servers-and-llms-for-ms-sql-server
mssql-mcp-server,MSSQL MCP Server is a Model Context Protocol (MCP) server that enables secure and structured interaction with Microsoft SQL Server (MSSQL) databases. It allows ...,MCP Server,https://pypi.org/project/mssql-mcp-server/
How to Use Microsoft SQL Server MCP,This tutorial will guide you through the setup and usage of an MCP (Model Context Protocol) server specifically designed for MS SQL Server.,MCP Server,https://apidog.com/blog/ms-sql-server-mcp/
MCP SQL server,"MCP SQL Server lets AI tools securely access real-time SQL server data and context, enhancing AI insights, accuracy, and data governance across systems.",MCP Server,https://www.k2view.com/blog/mcp-sql-server/
Getting Started with MSSQL MCP Server,"The MSSQL MCP Server transforms database interaction from a complex, syntax-heavy process into intuitive, natural language conversations.",MCP Server,https://medium.com/@Daradev/unlocking-ai-powered-database-interactions-a-complete-guide-to-mssql-mcp-server-integration-134998978d4b
Model Context Protocol,MCP is an open protocol that standardizes how applications provide context to large language models (LLMs). Think of MCP like a USB-C port for AI ...,MCP Server,https://modelcontextprotocol.io/
Using the Model Context Protocol (MCP) With a Local LLM,"In this tutorial article, we'll start by creating an MCP server that offers a few tools, and then get a small Llama 3.2 model to make use of those tools.",MCP Server,https://medium.com/predict/using-the-model-context-protocol-mcp-with-a-local-llm-e398d6f318c3
What Is the Model Context Protocol (MCP) and How It Works,The Model Context Protocol (MCP) addresses this challenge by providing a standardized way for LLMs to connect with external data sources and tools.,MCP Server,https://www.descope.com/learn/post/mcp
Introducing the Model Context Protocol,"The Model Context Protocol is an open standard that enables developers to build secure, two-way connections between their data sources and AI-powered tools.",MCP Server,https://www.anthropic.com/news/model-context-protocol
One File To Turn Any LLM into an Expert MCP Pair- ...,I wanted to share a powerful approach I've discovered for building MCP servers that works with any LLM. I've compiled comprehensive ...,MCP Server,https://www.reddit.com/r/ClaudeAI/comments/1h5o9uh/one_file_to_turn_any_llm_into_an_expert_mcp/
How to Build an MCP Server for LLM Agents,This is how to build an MCP server so you can connect your LLM agents into just about anything.,MCP Server,https://www.youtube.com/watch?v=EyYJI8TPIj8
Building MCP with LLMs,"This guide will help you use LLMs to help you build custom Model Context Protocol (MCP) servers and clients. We'll be focusing on Claude for this tutorial, ...",MCP Server,https://modelcontextprotocol.io/tutorials/building-mcp-with-llms
What is Model Context Protocol (MCP)? A guide,"The MCP server is the external service that provides context, data, or capabilities to the LLM. It helps LLMs by connecting to external systems like databases ...",MCP Server,https://cloud.google.com/discover/what-is-model-context-protocol
Model Context Protocol(MCP) â€” Anthropic's ...,"The MCP build servers that expose data and functionality to LLM applications in a secure, standardized way. Think of it like a web API, but ...",MCP Server,https://medium.com/@sulbha.jindal/model-control-protocol-mcp-anthropics-standardization-to-llm-workflows-5bfda624838d
14,"In fact, you can think of MCP servers as a library of ready-made tools that any agent can use. The difference is where the standardization lies.",MCP Server,https://huggingface.co/blog/Kseniase/mcp
MCP Tutorial,This is a crisp nononsense no BS hands-on introduction to model context protocol for the absolute beginners.,MCP Server,https://www.youtube.com/watch?v=RhTiAOGwbYE
Introducing our Dev Mode MCP server,"We're announcing the beta release of the Dev Mode MCP server, which brings Figma directly into the developer workflow to help LLMs achieve design-informed code ...",MCP Server,https://www.figma.com/blog/introducing-figmas-dev-mode-mcp-server/
MCP Compatibility in AnythingLLM,The Model Context Protocol (MCP) is an open protocol that enables seamless integration between LLM applications and external data sources and tools.,MCP Server,https://docs.anythingllm.com/mcp-compatibility/overview
Specification,Model Context Protocol (MCP) is an open protocol that enables seamless integration between LLM applications and external data sources and tools.,MCP Server,https://modelcontextprotocol.io/specification/2025-06-18
Build an MCP Server in Minutes,"Build an MCP server from GitHub in minutes and learn how to reduce LLM token costs with best practices for performance, efficiency, ...",MCP Server,https://www.getambassador.io/blog/mcp-server-explained
Introducing the dbt MCP Server â€“ Bringing Structured Data to ...,The dbt MCP server provides access to a set of tools that operate on top of your dbt project. These tools can be called by LLM systems to learn about your data ...,MCP Server,https://docs.getdbt.com/blog/introducing-dbt-mcp-server
Claude MCP Community,"An MCP server allows AI agents to control web browsers via the browser-use tool, enabling automated web interactions and tasks. It provides a seamless interface ...",MCP Server,https://www.claudemcp.com/en
Connect to Local MCP Servers,Learn how to extend Claude Desktop with local MCP servers to enable file system access and other powerful integrations.,MCP Server,https://modelcontextprotocol.io/quickstart/user
Can someone explain MCP to me? How are you using it? ...,"MCP essentially allows you to give Claude access to various external systems. This can be files on your computer, an API, a browser, a database, or anything ...",MCP Server,https://www.reddit.com/r/ClaudeAI/comments/1h55zxd/can_someone_explain_mcp_to_me_how_are_you_using/
Connect Claude to MCP Servers for Better AI Capabilities,This guide will explain how MCP works and how it can improve interactions between Claude and your apps. We'll also walk you through the steps to connect Claude ...,MCP Server,https://www.getmesa.com/blog/how-to-connect-mcp-server-claude/
Claude MCP has Changed AI Forever - Here's What You ...,"Remember, the MCP framework is OPEN SOURCE meaning it is universally compatible. We are not stuck with a single client. Nor is it specific to ...",MCP Server,https://www.youtube.com/watch?v=v_6EXt6T83I
Building My First MCP Server,"In this blog, I'll walk you through how I built my very first MCP (Model Context Protocol) server to connect a local AI assistant â€” Claude ...",MCP Server,https://medium.com/@anil.goyal0057/building-my-first-mcp-server-integrating-ai-with-local-tools-using-claude-desktop-5d58910f658c
How to Add MCP Servers to Claude (Free and Paid),"Want to supercharge Claude AI with custom tools? In this quick tutorial, I'll show you how to add MCP servers to Claude.",MCP Server,https://www.youtube.com/watch?v=fSQiIA5jW5E
Connect to Remote MCP Servers,The process of connecting Claude to a remote MCP server involves adding a Custom Connector through the Claude interface. This establishes a secure connection ...,MCP Server,https://modelcontextprotocol.io/docs/tutorials/use-remote-mcp-server
Claude's Model Context Protocol is here... Let's test it,"... MCP server can give any AI model superpowers. In this tutorial, we build an TypeScript server that provides Claude with additional context ...",MCP Server,https://www.youtube.com/watch?v=HyzlYwjoXOQ
Claude Code GPT-5 MCP Server EASY Tutorial (you wont ...,A simple way to do it is just to create a simple MCP server you can run this locally as we're going to do today.,MCP Server,https://www.youtube.com/watch?v=SEcvuS4u0dk
How to add MCP servers to Claude (free and paid),"You can add an MCP to Claude by pressing the ""+ Add Custom Integration"" button. You'll need to give your integration a name and a URL.",MCP Server,https://www.weavely.ai/blog/claude-mcp
How to Use MCP Servers with Claude Desktop | Real-Time AI ...,"In this video, I walk you through the basics of getting started with MCP servers using Claude Desktop as the client. Whether you're new to ...",MCP Server,https://m.youtube.com/watch?v=vDT1_b5eEkM
Claude MCP,Anthropic's Claude Model Context Protocol (MCP) is an open standard enabling AI systems to connect with external tools and real-time data sources.,MCP Server,https://www.walturn.com/insights/claude-mcp-a-new-standard-for-ai-integration
MCP Server,What is MCP? Model Context Protocol (MCP) allows Claude and other AI assistants to access external tools and data sources through specialized servers.,MCP Server,https://docs.agent.ai/mcp-server
How to Connect Claude AI to a Remote MCP Server,"In this tutorial, we'll walk through how to connect Claude AI to a remote MCP server, using examples like managing Jira tickets with Atlassian and automating ...",MCP Server,https://apidog.com/blog/claude-ai-remote-mcp-server/
BeehiveInnovations/zen-mcp-server,The power of Claude Code + [Gemini / OpenAI / Grok / OpenRouter / Ollama / Custom Model / All Of The Above] working as one.,MCP Server,https://github.com/BeehiveInnovations/zen-mcp-server
Using LangChain With Model Context Protocol (MCP),"The Model Context Protocol (MCP) is an open-source protocol developed by Anthropic, focusing on safe and interpretable Generative AI systems.",MCP Server,https://cobusgreyling.medium.com/using-langchain-with-model-context-protocol-mcp-e89b87ee3c4c
langchain-ai/langchain-mcp-adapters,LangChain ðŸ”Œ MCP,MCP Server,https://github.com/langchain-ai/langchain-mcp-adapters
MCP Server - Docs by LangChain,"To connect to an MCP server which requires authentication, you should set NEXT_PUBLIC_MCP_AUTH_REQUIRED=true . The way MCP authentication works is as follows: ...",MCP Server,https://docs.langchain.com/labs/oap/setup/mcp-server
Use MCP - GitHub Pages,The langchain-mcp-adapters package enables agents to use tools defined across one or more MCP servers. In an agent In a workflow. Agent using tools defined on ...,MCP Server,https://langchain-ai.github.io/langgraph/agents/mcp/
MCP Adapters for LangChain and LangGraph,The LangChain MCP Adapters is a package that makes it easy to use Anthropic Model Context Protocol (MCP) tools with LangChain & LangGraph.,MCP Server,https://changelog.langchain.com/announcements/mcp-adapters-for-langchain-and-langgraph
Use MCP - Docs by LangChain,Use MCP tools. The langchain-mcp-adapters package enables agents to use tools defined across one or more MCP servers.,MCP Server,https://docs.langchain.com/oss/python/use-mcp
"I Tried to Use Langchain with MCP Servers, Here're the ...","This comprehensive tutorial will guide you through implementing MCP with LangChain, providing you with the knowledge to create sophisticated applications.",MCP Server,https://apidog.com/blog/langchain-mcp-server/
MCPs + LangChain + FastAPI,"This example demonstrates a LangChain-based agent interacting with an MCP server using stdio transport. The agent operates in a loop, allowing ...",MCP Server,https://medium.com/@andres.tellez/mcps-langchain-from-zero-to-hero-ae3149d83c3d
LangChain MCP Adapter,"The LangChain MCP adapter lets agents connect to any server that follows the Model Context Protocol, including Composio's managed MCP server.",MCP Server,https://composio.dev/blog/langchain-mcp-adapter-a-step-by-step-guide-to-build-mcp-agents
How to Create an MCP Client Server Using LangChain,"This guide provides a clear, beginner-friendly walkthrough for creating an MCP client server using LangChain.",MCP Server,https://www.analyticsvidhya.com/blog/2025/04/mcp-client-server-using-langchain/
LangChain + MCP Server(s),Showcasing 2 different ways of implementing MCP servers with LangChain. Focus is on a completely local running setup so Ollama models also ...,MCP Server,https://www.youtube.com/watch?v=vfaiA0u7uvE
What's the pros and cons compared langchain tools vs ...,"This point I think summed it all up: ""While MCP focuses on standardizing data access for AI systems, LangChain and LangGraph offer comprehensive ...",MCP Server,https://www.reddit.com/r/LangChain/comments/1h2csxn/whats_the_pros_and_cons_compared_langchain_tools/
MCP,But we also know: MCP has tool definitions - and the good MCP servers will probably have better tool descriptions than you would write quickly.,MCP Server,https://blog.langchain.com/mcp-fad-or-fixture/
langchain-mcp-tools,This package is intended to simplify the use of Model Context Protocol (MCP) server tools with LangChain / Python.,MCP Server,https://pypi.org/project/langchain-mcp-tools/
MCP with streamable HTTP transport,You can now connect LangGraph agents to remote MCP servers reliably via the new recommended transport - streamable HTTP.,MCP Server,https://changelog.langchain.com/announcements/mcp-with-streamable-http-transport
LangChain Model Context Protocol (MCP) Adapters,"This module provides the MultiServerMCPClient class for managing connections to multiple MCP servers and loading tools, prompts, and resources from them.",MCP Server,https://langchain-ai.github.io/langgraph/reference/mcp/
Build AI Assistant With MCP Servers And Tools Using ...,All You Need To Know About Model Context Protocol(MCP). Krish Naik Â· 186K views ; Build MCP Servers With Tools From Scratch With Langchain. Krish ...,MCP Server,https://www.youtube.com/watch?v=BG4F3b5QpjM
Docker MCP Catalog and Toolkit,"The MCP Catalog gives you a curated set of trusted servers to get started fast. Connect MCP servers to clients like Docker AI Agent, Claude, Cursor, VS Code, ...",MCP Server,https://www.docker.com/products/mcp-catalog-and-toolkit/
"Docker MCP Catalog | Discover Secure, Top MCP Servers","A Model Context Protocol (MCP) server that provides web search capabilities through DuckDuckGo, with additional features for content fetching and parsing.",MCP Server,https://hub.docker.com/mcp
Introducing Docker Hub MCP Server,"The Docker Hub MCP Server is an MCP server that interfaces with Docker Hub APIs to make them accessible to LLMs, enabling intelligent content discovery and ...",MCP Server,https://www.docker.com/blog/introducing-docker-hub-mcp-server/
Run MCP Servers In Seconds With Docker,"With Docker MCP Toolkit, with a single click of a button from Docker Desktop, we can spin MCP servers in seconds and connect to our favourite client.",MCP Server,https://dev.to/pradumnasaraf/run-mcp-servers-in-seconds-with-docker-1ik5
mcp | Docker Hub,"Discover official Docker images from mcp, a Verified Publisher on Docker Hub. Visit their profile and explore images they maintain.",MCP Server,https://hub.docker.com/u/mcp
How to Run MCP Servers with Docker,Docker is also back to help us with spinning up MCP servers inside Docker containers. Let's review a few examples of those.,MCP Server,https://snyk.io/articles/how-to-run-mcp-servers-with-docker/
QuantGeekDev/docker-mcp,A docker MCP Server (modelcontextprotocol),MCP Server,https://github.com/QuantGeekDev/docker-mcp
How to build and deliver an MCP server for production,A much better approach is to simply use one MCP server: Docker. This MCP server acts as a gateway into a dynamic set of containerized tools.,MCP Server,https://www.docker.com/blog/build-to-prod-mcp-servers-with-docker/
How to Use Docker MCP Catalog and Toolkit (Docker Tutorial),MCP stands for model context protocol and what it provides is the ability to basically attach additional tooling to each of these applications.,MCP Server,https://www.youtube.com/watch?v=6I2L4U7Xq6g
Discover and Run Secure MCP Servers,"We're excited to share major updates to the Docker MCP Catalog, including enhanced discovery features and our new open submission process.",MCP Server,https://www.docker.com/blog/docker-mcp-catalog-secure-way-to-discover-and-run-mcp-servers/
A MCP Server for Docker Management,"docker-mcp, a Model Context Protocol server that allows MCP protocol clients to use Docker container and compose stack management.",MCP Server,https://www.reddit.com/r/docker/comments/1h6yxwf/introducing_dockermcp_a_mcp_server_for_docker/
Exploring the Docker Desktop Extension for MCP servers,Here I'm going to show you an experimental extension that we've been working on that you can try yourself right now and this is for Docker desktop.,MCP Server,https://www.youtube.com/watch?v=eyNX0Uv4jq0
Model Context Protocol (MCP),Model Context Protocol (MCP) is an open protocol that standardizes how applications provide context and additional functionality to large language models.,MCP Server,https://docs.docker.com/ai/gordon/mcp/
How do I run multiple MCP servers in the same Docker ...,The right way to do it is tool registration - FastMCP supports composing multiple servers together using import_server (static copy) and mount (live link).,MCP Server,https://www.reddit.com/r/mcp/comments/1kmf6f4/how_do_i_run_multiple_mcp_servers_in_the_same/
MCP on Docker,The MCP Server configuration file is located in the plugins/anythingllm_mcp_servers.json file in the AnythingLLM storage directory.. The ...,MCP Server,https://docs.anythingllm.com/mcp-compatibility/docker
Docker Compose MCP server for AI agents - Playbooks,"Docker MCP is a server that allows you to manage Docker containers using natural language instructions. It enables you to create, configure, and manage Docker ...",MCP Server,https://playbooks.com/mcp/ckreiling-mcp-server-docker
Dynamic and scalable MCP Server infrastructure in docker,I want to create a dynamic and scalable MCP infrastructure. The goal is to have a MCP Server and add MCP Tools dynamically.,MCP Server,https://stackoverflow.com/questions/79695735/dynamic-and-scalable-mcp-server-infrastructure-in-docker
Notion MCP â€“ Connect Notion to your favorite AI tools,Notion MCP is our hosted server that gives AI tools secure access to your Notion workspace. It's designed to work seamlessly with popular AI assistants like ...,MCP Server,https://developers.notion.com/docs/mcp
makenotion/notion-mcp-server,Official Notion MCP Server,MCP Server,https://github.com/makenotion/notion-mcp-server
Connecting to Notion MCP,"This guide explains how to connect an AI tool to Notion using the Model Context Protocol (MCP) through Notion's app or the AI tool's directory, allowing the ...",MCP Server,https://developers.notion.com/docs/get-started-with-mcp
Notion's hosted MCP server,"We've built a code-generation pipeline for Notion's hosted MCP server, converting our generated OpenAPI schemas to Zod and plumbing those into the hosted MCP ...",MCP Server,https://www.notion.com/blog/notions-hosted-mcp-server-an-inside-look
suekou/mcp-notion-server,"MCP Server for the Notion API, enabling LLM to interact with Notion workspaces. Additionally, it employs Markdown conversion to reduce context size.",MCP Server,https://github.com/suekou/mcp-notion-server
Notion MCP Server,Notion MCP Server is an implementation of the MCP that allows AI assistants to interact directly with your Notion pages and databases!,MCP Server,https://www.reddit.com/r/Notion/comments/1ji6a2m/notion_mcp_server_now_with_full_database_support/
notion-mcp-server,Notion MCP Server is a Model Context Protocol (MCP) server implementation that enables AI assistants to interact with Notion's API. This production-ready server ...,MCP Server,https://glama.ai/mcp/servers/@awkoy/notion-mcp-server
notionhq/notion-mcp-server,This project implements an MCP server for the Notion API. mcp-demo Installation 1. Setting up Integration in Notion: Go to https://www.notion.so/profile/ ...,MCP Server,https://www.npmjs.com/package/@notionhq/notion-mcp-server
Hosting a local MCP server,"The notion-mcp-server package is an open-source implementation for running your own MCP server, offering more control and customization compared to Notion's ...",MCP Server,https://developers.notion.com/docs/hosting-open-source-mcp
How to Setup Notion MCP Servers for AI Note-taking ...,"This guide will walk you through the complete process of setting up your own Notion MCP server, from initial configuration to practical use cases.",MCP Server,https://apidog.com/blog/notion-mcp-server/
Notion MCP â€“ Supported tools,"The document explains how AI assistants can utilize Notion MCP tools to efficiently create, search, and manage content within a Notion workspace by using ...",MCP Server,https://developers.notion.com/docs/mcp-supported-tools
Notion MCP Server,"Notion-MCP is a server solution that enhances Notion's functionality, offering improved performance, reliability, and customization options.",MCP Server,https://www.claudemcp.com/servers/notion-mcp-server
Build your AI Second Brain with Notion and Claude (MCP),In this video you will learn how to achieve the exact same thing and build up your second brain even faster than before.,MCP Server,https://www.youtube.com/watch?v=NMmDnYKD0fE
notion-mcp MCP Server,A simple Model Context Protocol (MCP) server that integrates with Notion's API to manage my personal todo list. SiliconFlow ...,MCP Server,https://mcp.so/server/notion-mcp
How to Connect Your OWL Agent to Notion via the MCP ...,"In this post, we'll walk through how to connect a CAMEL-AI agent (using OWL) to Notion using the official Notion Model Context Protocol Server.",MCP Server,https://www.camel-ai.org/blogs/connect-your-owl-agent-to-notion-via-the-mcp-server
Notion MCP Server - Questions,Is there a Notion.so n8n community MCP Node available? Can someone use this https://mcpmarket.com/server/systemprompt-notion and convert to be imported in n8n ...,MCP Server,https://community.n8n.io/t/notion-mcp-server/100367
How to effectively use Notion MCP Server with Cursor and ...,How to Set Up Notion MCP Server Â· Step 1: Connect Your Notion Account Â· Step 2: Give a Unique Name to the Server Â· Step 3: Choose which actions ...,MCP Server,https://composio.dev/blog/how-to-effectively-use-notion-mcp-server-with-cursor-and-claude-for-note-taking
korotovsky/slack-mcp-server,"The most powerful MCP Slack Server with no permission requirements, Apps support, multiple transports Stdio and SSE, DMs, Group DMs and smart history fetch logic.",MCP Server,https://github.com/korotovsky/slack-mcp-server
How to Use Slack MCP Server Effortlessly,The Slack Model Context Protocol (MCP) Server provides a seamless way to integrate AI assistants like Claude into your Slack workspace.,MCP Server,https://apidog.com/blog/slack-mcp-server/
Slack MCP,This MCP server integrates Slack with Claude perfectly and you don't even need to create and add bots or apps to the workspace.,MCP Server,https://www.reddit.com/r/ClaudeAI/comments/1ju62zf/slack_mcp_connect_slack_to_ai/
Secure Data Connectivity for the Modern AI Era,Slack MCP Support: Expanding integration capabilities with MCP Â· Rich Data Grounding: Tap into Slack's conversational and file data for context to generate more ...,MCP Server,https://slack.dev/secure-data-connectivity-for-the-modern-ai-era/
Instantly Connect Your Slack AI Agent with MCP,Boost your Slack AI agent's capability using Model Context Protocol (MCP). Integrate instantly with 2500+ apps for smarter workflows and automated tasks.,MCP Server,https://runbear.io/solutions/integrations/slack/mcp
Slack - MCP Server,"Installation Steps. Open Cursor Settings. Navigate to Cursor Settings > Features > MCP; Click the ""+ Add New MCP Server"" button.",MCP Server,https://cursor.directory/mcp/slack
How to use Slack MCP server with Claude flawlessly,"Slack MCP is a secure integration that connects your Slack workspace to MCP clients, such as Claude and Cursor. It gives large language models ...",MCP Server,https://composio.dev/blog/how-to-use-slack-mcp-server-with-claude-flawlessly
Model Context Protocol(MCP) with ChatGPT and Slack ...,"This step-by-step guide with complete code, will show you how to build a Slack bot, connect it to ChatGPT using an MCP server, and use it to summarize hundreds ...",MCP Server,https://medium.com/@okekechimaobi/model-context-protocol-mcp-with-chatgpt-and-slack-a-productivity-bot-that-saves-time-by-3880b25a153a
Slack MCP Server - MCP AI,"Zapier Slack MCP lets you connect Slack's actions with any AI tool that supports MCP, all without managing integrations or writing glue code.",MCP Server,https://zapier.com/mcp/slack
slack-mcp-server,Feature-rich Model Context Protocol (MCP) server that lets LLM agents read/search/post Slack messages in both OAuth and totally permission-less stealth ...,MCP Server,https://www.augmentcode.com/mcp/slack-mcp-server
Slack MCP Server by Anthropic,"Integrates with Slack workspaces to enable channel management, messaging, thread interactions, reaction handling, and user information retrieval.",MCP Server,https://www.pulsemcp.com/servers/slack
modelcontextprotocol/server-slack,"MCP Server for the Slack API, enabling Claude to interact with Slack workspaces. Tools. slack_list_channels. List public or pre-defined channels ...",MCP Server,https://www.npmjs.com/package/@modelcontextprotocol/server-slack
Slack MCP Server,"You need to create a Slack app, configure scopes, and install it in your workspace. Can Slack be integrated with other tools? Yes, Slack supports integration ...",MCP Server,https://mcp.so/server/slack
Slack MCP server for AI agents - Playbooks,"The Slack MCP Server enables Claude to interact with Slack ... To add a global MCP server go to Cursor Settings > Tools & Integrations and click ""New MCP Server"".",MCP Server,https://playbooks.com/mcp/slack
Slack MCP Server,"A modern FastMCP server for Slack integration, built with FastMCP 2.8.0. Requires environment variables for Slack Bot Token and OpenAI API ...",MCP Server,https://lobehub.com/mcp/bahakizil-slack_mcp_server
Security Advisory,"In this video, we break down a critical data exfiltration vulnerability in Anthropic's now-deprecated Slack MCP Server.",MCP Server,https://www.youtube.com/watch?v=nlehKmz5Myg
mcp-slack,"This server provides tools for interacting with Slack, including sending messages, managing channels, and accessing workspace information.",MCP Server,https://pypi.org/project/mcp-slack/
Slack MCP Server,"The Slack MCP Server enables AI assistants to interact with Slack's API through a standardized interface, providing tools for: Message Management: Post messages ...",MCP Server,https://glama.ai/mcp/servers/@ubie-oss/slack-mcp-server
Extending GitHub Copilot Chat with the Model Context ...,"MCP servers can define preconfigured prompts for interacting with their tools. You can access these prompts in chat with slash commands, using the format /mcp.",MCP Server,https://docs.github.com/copilot/customizing-copilot/using-model-context-protocol/extending-copilot-chat-with-mcp
Working with MCP servers in GitHub Copilot Agent mode,I'm going to show you how I am personally using these in my daily development with a really good example using the GitHub MCP server.,MCP Server,https://www.youtube.com/watch?v=ZlrQJQV14xQ
End-to-end development with GitHub Copilot + MCP server ...,"Use GitHub Copilot and the GitHub MCP Server together for seamless, end-to-end software development - right from your IDE.",MCP Server,https://www.youtube.com/watch?v=HN47tveqfQU
Debugging UI with AI,Explore how I use agentic tools like GitHub Copilot agent mode and the Playwright MCP server to accelerate troubleshooting and debugging of UI issues.,MCP Server,https://github.blog/ai-and-ml/github-copilot/debugging-ui-with-ai-github-copilot-agent-mode-meets-mcp-servers/
Web app as MCP server in GitHub Copilot Chat agent ...,"In this tutorial, you'll learn how to expose an ASP.NET Core app's functionality through Model Context Protocol (MCP), add it as a tool to GitHub Copilot, and ...",MCP Server,https://learn.microsoft.com/en-us/azure/app-service/tutorial-ai-model-context-protocol-server-dotnet
Copilot coding agent now supports remote MCP servers,"With GitHub Copilot coding agent, you can now configure and use remote Model Context Protocol (MCP) servers to expand the agent's context ...",MCP Server,https://github.blog/changelog/2025-07-09-copilot-coding-agent-now-supports-remote-mcp-servers/
MCP -> GitHub Copilot,The Pieces MCP (Model Context Protocol) integration with GitHub Copilot allows you to leverage Pieces Long-Term Memory (LTM) directly within the Visual Studio ...,MCP Server,https://docs.pieces.app/products/mcp/github-copilot
MCP Servers + Github Copilot chat. How to configure to ...,Hello. I have tried to use MCP servers in VS Code as part of copilot chat. I have got it working patrially but still usable to get normal ...,MCP Server,https://www.reddit.com/r/vscode/comments/1me0cjp/mcp_servers_github_copilot_chat_how_to_configure/
Supercharge VSCode GitHub Copilot using Model Context ...,"In this guide, we will focus on the GitHub MCP server, and walk you through the process of getting up and running in VSCode quickly.",MCP Server,https://dev.to/pwd9000/supercharge-vscode-github-copilot-using-model-context-protocol-mcp-easy-setup-guide-371e
Vibe Code your first MCP server with GitHub Copilot,MCP lets you connect an AI agent with literally anything and that means that you can now do almost anything with an AI.,MCP Server,https://www.youtube.com/watch?v=hCb1NY2c05k
[Step by Step] Using GitHub MCP Server with Copilot ...,"In this article, let's explore how to leverage the built-in GitHub MCP Server in Visual Studio Code using GitHub Copilot in Agent Mode.",MCP Server,https://rajeevpentyala.com/2025/06/01/step-by-step-using-github-mcp-server-with-copilot-agent-in-vs-code/
GitHub Copilot Code Agent,I am experiencing an issue where I am unable to access any tools when using the GitHub Copilot Coding Agent on the web with the Atlassian MCP server.,MCP Server,https://www.reddit.com/r/GithubCopilot/comments/1lb0sjd/github_copilot_code_agent_retrieved_0_tools_from/
GitHub Copilot Agent Mode with MCP,"GitHub Copilot now supports MCP (Model Context Protocol), allowing you to connect new services inside VS Code Insidersâ€”and soon, ...",MCP Server,https://www.youtube.com/watch?v=WySJOAlVpQ0
Boosting Your Productivity with GitHub Copilot Agent Mode ...,Enter Github Copilot Agent Mode and MCP Servers: A New Paradigm. Github Copilot has introduced an agent mode for a couple of months now.,MCP Server,https://medium.com/learnings-from-the-paas/boosting-your-productivity-with-github-copilot-agent-mode-using-jira-and-github-mcp-servers-88e923efe79a
Using GitHub Copilot and MCP servers to NOT write code,Liam is here to show you how he is using Visual Studio Code and GitHub Copilot Agent mode with MCP servers to automate his daily task list ...,MCP Server,https://www.youtube.com/watch?v=VdYR_Qf-j38
Let's Learn About MCP Together! - by Adriana Villela,"With MCP, an LLM (MCP client) accesses a service by communicating with an MCP server via the MCP protocol. The MCP server acts like an ...",MCP Server,https://medium.com/womenintechnology/lets-learn-about-mcp-together-be1601dc7a81
What is MCP and why you should pay attention | by,"MCP is a way of extending the functionality of an AI, in much the same way an app extends the functionality of a phone.",MCP Server,https://waleedk.medium.com/what-is-mcp-and-why-you-should-pay-attention-31524da7733f
These 9 MCP Servers Improve AI Context (Reduce 99% ...,1. Context7 MCP Â· 2. Memory Bank MCP Server Â· 3. Knowledge Graph Memory Server Â· 4. Filesystem MCP Server Â· 5. GitMCP Â· 6. Obsidian-MCP Â· 7.,MCP Server,https://medium.com/@joe.njenga/these-9-mcp-servers-improve-ai-context-reduce-99-code-errors-d2ba7acd9d94
These MCP servers are amazing for coding | by Tari Ibaba,1. Sentry MCP Server Â· 2. Sequential Thinking MCP Server Â· 3. Git MCP servers Â· 4. Puppeteer MCP Server Â· 5. Firebase MCP Server. I tried using ...,MCP Server,https://medium.com/coding-beauty/mcp-servers-479614e4b74c
Building an MCP server as an API developer | by Heeki Park,"I walk through the process by starting with core business logic, then building a local MCP server, and then deploying it as a remote MCP server using Amazon ...",MCP Server,https://heeki.medium.com/building-an-mcp-server-as-an-api-developer-cfc162d06a83
Gemini CLI Tutorial Series â€” Part 5,"This tutorial will take you through how we configure MCP Servers in Gemini CLI, a few commands then within Gemini CLI to work with them.",MCP Server,https://medium.com/google-cloud/gemini-cli-tutorial-series-part-5-github-mcp-server-b557ae449e6e
ðŸ§  I Used MCP for 3 months,MCP Servers usually act as a bridge between your tools and your LLM. For example: â€” An MCP Server for Google Drive connects your files to the ...,MCP Server,https://medium.com/towards-artificial-intelligence/i-used-mcp-for-3-months-everything-you-need-to-know-24-best-servers-0c02f3915867
MCP Explained,MCP Servers. An MCP server is like a smart adapter for a tool or app. It knows how to take a request from an AI (like â€œGet ...,MCP Server,https://tutorials.botsfloor.com/mcp-explained-the-new-standard-connecting-ai-to-everything-79c5a1c98288
"ðŸš€Top 10 MCP Servers for 2025 (Yes, GitHub's Included!) ...",We'll explore the 10 most powerful MCP servers that are transforming development workflows in 2025. From automating GitHub tasks to enhancing team ...,MCP Server,https://dev.to/fallon_jimmy/top-10-mcp-servers-for-2025-yes-githubs-included-15jg
MCP Servers That I Use as a Technical Founder,MCP Servers That I Use as a Technical Founder Â· 1. Docker Hub MCP Server Â· 2. GitHub MCP Server Â· 3. Sliplane MCP Server Â· 4. Dev.to MCP Server.,MCP Server,https://dev.to/code42cate/mcp-servers-that-i-use-as-a-technical-founder-3ia6
Building Your First MCP Server,"In this tutorial, you'll create a weather server that connects AI agents like GitHub Copilot to live weather data.",MCP Server,https://dev.to/debs_obrien/building-your-first-mcp-server-a-beginners-tutorial-5fag
My 2025 Roundup of Must-Know MCP Servers,"What I love about MCP is how it standardizes the way different tools APIs, databases, cloud services connect with AI agents and developer ...",MCP Server,https://dev.to/therealmrmumba/my-2025-roundup-of-must-know-mcp-services-3146
My Favorite MCP Directories,"If you're working with Model Context Protocol, you'll need MCP servers for different types of data â€” IDEs, calendars, docs, databases, etc.",MCP Server,https://dev.to/techgirl1908/my-favorite-mcp-directories-573n
MCP Server,"An MCP server is an open, standardized interface that enables AI models (like GitHub Copilot, Claude, or custom LLMs) to interact with external ...",MCP Server,https://dev.to/samira_talebi_cca34ce28b8/mcp-server-powring-ai-driven-workflows-52i7
My Personal Top MCP Servers â€” The Ultimate List,"MCP servers are like plugins for Cursor that give it superpowers. Instead of constantly switching between your browser, docs, and editor, everything just works ...",MCP Server,https://dev.to/freeman_nomad/my-personal-top-mcp-servers-the-ultimate-list-1p37
Understanding MCP Servers,"An MCP server is a specialized server that implements the Model Context Protocol, designed to enhance interactions with LLMs by managing contextual information ...",MCP Server,https://dev.to/jorgecontreras/understanding-mcp-servers-the-model-context-protocol-explained-150j
Who are your MCP servers talking to?,ToolHive's permission profiles let you precisely define network rules for each MCP server. Here's a quick walkthrough of some common use cases.,MCP Server,https://dev.to/stacklok/who-are-your-mcp-servers-talking-to-1m5e
Securing MCP Servers,The term MCP (Model Context Protocol) was first introduced by Anthropic in November 2024 as an open standard and open-source framework.,MCP Server,https://dev.to/aws-builders/securing-mcp-servers-3knf
Building and Using MCP Servers in Amazon Q CLI,"What is an MCP server? Even if you know that MCP stands for Model Context Protocol, that's no that obvious to understand or see the benefits ...",MCP Server,https://dev.to/welcloud-io/building-and-using-mcp-servers-in-amazon-q-cli-3im
Visual Studio Code + Model Context Protocol (MCP) Servers,"This post is going to have a look and set up MCP servers such as @modelcontextprotocol/server-filesystem, Custom MCP server with .NET SDK, and @ ...",MCP Server,https://dev.to/thangchung/visual-studio-code-model-context-protocol-mcp-servers-the-first-look-18nb
MCP Servers for Agentic Dev Platforms,"We will cover how you can run MCP servers on Kubernetes. With such a setup, you can use them for different use cases and allow your developers to connect to ...",MCP Server,https://dev.to/cyclops-ui/mcp-servers-for-agentic-dev-platforms-3ja9
Introducing Model Context Protocol (MCP) Server for ...,Introducing Couchbase MCP Server: an open-source solution to power AI agents and GenAI apps with real-time access to your Couchbase data.,MCP Server,https://dev.to/couchbase/introducing-model-context-protocol-mcp-server-for-couchbase-3o5p
Creating an MCP Server Using Go,MCP is an open protocol that standardizes how applications provide context to LLMs. Think of MCP as a USB-C port for AI applications.,MCP Server,https://dev.to/eminetto/creating-an-mcp-server-using-go-3foe
8 MCP Servers Every Developer Should Try!,8 MCP Servers You Should Know Â· 1. Slack MCP Server Â· 2. GitHub MCP Server Â· 3. Brave Search MCP Server Â· 4. Docker MCP Server Â· 5. SingleStore ...,MCP Server,https://dev.to/pavanbelagatti/model-context-protocol-mcp-8-mcp-servers-every-developer-should-try-5hm2
Connecting 100+ MCP Servers to Vs Code in 5 Easy Steps,Connect VS Code to MCP Servers in 5 Steps! Â· 1. Prerequires Â· 2. Enable MCP in VS Code Â· 3. Add Local MCP Servers to VS Code Â· 4. Add Hosted MCP ...,MCP Server,https://dev.to/composiodev/connecting-100-mcp-servers-to-vs-code-in-5-easy-steps-1d4k
Top 7 MCP Clients for AI Tooling,"MCP servers are lightweight programs or APIs that expose real-world tools like databases, file systems, or web services to AI models. They act ...",MCP Server,https://www.kdnuggets.com/top-7-mcp-clients-for-ai-tooling
Building A Simple MCP Server,"In this tutorial, we will build our own MCP server using the Yahoo Finance Python API to fetch real-time stock prices, compare them, and provide historical ...",MCP Server,https://www.kdnuggets.com/building-a-simple-mcp-server
Control Your Spotify Playlist with an MCP Server,"This step-by-step guide will teach you how to install the application, set up the Spotify API, clone Spotify MCP server, and seamlessly integrate it into ...",MCP Server,https://www.kdnuggets.com/control-spotify-playlist-with-mcp-server
Building AI Agents? A2A vs. MCP Explained Simply,MCP is an open standard protocol (launched by Anthropic) that lets LLM-based applications access external data and tools in a uniform way. It ...,MCP Server,https://www.kdnuggets.com/building-ai-agents-a2a-vs-mcp-explained-simply
10 GitHub Repositories for Mastering Agents and MCPs,"In this article, we will review ten GitHub repositories that can help you learn the basics of AI agents and guide you in building agent-based applications.",MCP Server,https://www.kdnuggets.com/10-github-repositories-for-mastering-agents-and-mcps
âš”ï¸ RAG vs MCP vs Agents explained,The network effect creates automatic functionality sharing as more MCP servers emerge. MCP follows the pattern of protocols repurposed beyond ...,MCP Server,https://ai-report.kdnuggets.com/p/rag-vs-mcp-vs-agents-explained
Vibing With Amazon Kiro,"Kiro also offers many features that enhance productivity, such as hooks, steering, autopilot, access to the MCP server, and robust security.",MCP Server,https://www.kdnuggets.com/vibing-with-amazon-kiro
ðŸ“Š State of AI 2025 Report,"With hundreds of exposed servers and critical flaws already exploited in the wild, MCP's ""universal plugin"" promise comes with hidden dangers.",MCP Server,https://ai-report.kdnuggets.com/p/state-of-ai-2025-report
Here's what you need to look for in a model server to build ...,"In this post, we focus on model servers, software at the heart of machine learning services that operate in real-time or offline.",MCP Server,https://www.kdnuggets.com/2020/09/model-server-build-ml-powered-services.html
Building an MCP Server and Client with FastMCP 2.0,FastMCP 2.0 is an open-source Python framework designed to make building Model Context Protocol (MCP) servers and clients both simple and ...,MCP Server,https://www.datacamp.com/tutorial/building-mcp-server-client-fastmcp
Gradio MCP Server Guide,"A step-by-step tutorial on building, testing, deploying, and integrating a Gradio MCP server with Tavily, Hugging Face Spaces, Cursor AI and Claude Desktop.",MCP Server,https://www.datacamp.com/tutorial/gradio-mcp-server-guide
Grounded Vibe Coding with Model Context Protocol and ...,Learn how to boost your coding performance with the help of AI coding assistants and MCP server based knowledge base. Discover different ...,MCP Server,https://www.datacamp.com/code-along/grounded-vibe-coding-with-model-context-protocol-and-qdrant
Creating an AI Agent with LangGraph and Model Context ...,"You'll explore how the Model Context Protocol works, what problems it solves, and how to spin up your own MCP server. Whether you're experimenting with agents ...",MCP Server,https://www.datacamp.com/webinars/creating-an-ai-agent-with-langgraph-and-model-context-protocol
The Model Context Protocol (MCP),"The Model Context Protocol (MCP). Building Scalable Agentic Systems. Korey Stegared-Pace. Senior AI Cloud Advocate, Microsoft ...",MCP Server,https://projector.datacamp.com/?projector_key=course_43387_876655b37f4dc40cf25547c22d3d1367
Modularity in Practice,MCP servers. Page 35. BUILDING SCALABLE AGENTIC SYSTEMS. MCP servers. Page 36. BUILDING SCALABLE AGENTIC SYSTEMS. MCP servers. Page 37. BUILDING SCALABLE ...,MCP Server,https://projector-video-pdf-converter.datacamp.com/43387/chapter2.pdf
Cline AI,"Instead of being limited to just file operations and terminal commands, MCP servers let you connect with external tools and services.",MCP Server,https://www.datacamp.com/tutorial/cline-ai
LLM Tutorials,"A step-by-step tutorial on building, testing, deploying, and integrating a Gradio MCP server with Tavily, Hugging Face Spaces, Cursor AI and Claude Desktop.",MCP Server,https://www.datacamp.com/tutorial/category/large-language-models/page/2
Trae AI,"When you switch to Builder with MCP, check the status indicators next to each server and make sure they show green before starting your work. If ...",MCP Server,https://www.datacamp.com/tutorial/trae-ai
Claude Sonnet 4,"The MCP connector brings Model Context Protocol support directly to the API. MCPs allow Claude to connect to external services like databases, ...",MCP Server,https://www.datacamp.com/tutorial/claude-sonnet-4
Grounded Vibe Coding with Model Context Protocol and ...,Understand the basics of the Model Context Protocol. Learn how to boost your coding performance with the help of AI coding assistants and MCP server based ...,MCP Server,https://www.datacamp.com/webinars/grounded-vibe-coding-with-model-context-protocol-and-qdrant
Agent2Agent (A2A),"A2A is an open, vendor-neutral protocol developed by Google to standardize collaboration among AI agents across different systems.",MCP Server,https://www.datacamp.com/blog/a2a-agent2agent
AI Articles,Top 10 MCP Servers & Clients for AI Workflow Automation in 2025 ... Discover the most popular MCP servers and clients to automate your workflow using natural ...,MCP Server,https://www.datacamp.com/blog/category/ai/page/1
Cline vs Cursor,"MCP server support. Both tools offer comprehensive support for MCP servers, whether you use existing ones or build custom servers yourself.",MCP Server,https://www.datacamp.com/tutorial/cline-vs-cursor
LLM Tutorials,"Building an MCP Server and Client with FastMCP 2.0. Building, Testing, and Integrating the ArXiv Explorer MCP Server. Abid Ali Awan's photo. Abid Ali Awan.",MCP Server,https://www.datacamp.com/tutorial/category/large-language-models
AI Tutorials,"A step-by-step tutorial on building, testing, deploying, and integrating a Gradio MCP server with Tavily, Hugging Face Spaces, Cursor AI and Claude Desktop.",MCP Server,https://www.datacamp.com/tutorial/category/ai/page/4
LLM Tutorials,Learn how to build an MCP server using Anthropic's Model Context Protocol to connect Claude with GitHub and Notion. Aashi Dutt's photo. Aashi Dutt. March 17 ...,MCP Server,https://www.datacamp.com/tutorial/category/large-language-models/page/4
AI Agents Cheat Sheet,"Learn the basics of AI agents with this beginner-friendly cheat sheet, and explore resources to help you get started.",MCP Server,https://www.datacamp.com/cheat-sheet/ai-agents-cheat-sheet
"What are MCP servers exactly, what market are they ...",An MCP server is no more or less insecure than any other API which uses access tokens; the risks around that are well understood and have ...,MCP Server,https://www.reddit.com/r/AskProgramming/comments/1lp0ncu/what_are_mcp_servers_exactly_what_market_are_they/
My 5 most useful MCP servers,I thought to share my top 5 most useful MCP servers that I'm using daily-weekly: Context7: Make my AI-coding agents incredibly smarter.,MCP Server,https://www.reddit.com/r/mcp/comments/1m59pk0/my_5_most_useful_mcp_servers/
What MCP servers do you really use?,The best one that I have personally used is context7. I connect Claude Code up with context7 while vibe coding. This MCP server gives the AI ...,MCP Server,https://www.reddit.com/r/AI_Agents/comments/1lmzm2k/what_mcp_servers_do_you_really_use/
Found an awesome repo listing more than 2000+ MCP ...,"MCP server for arXiv.org - Search, analyze, and export academic papers with AI assistants. Features advanced paper discovery, citation analysis, ...",MCP Server,https://www.reddit.com/r/LocalLLaMA/comments/1jromm0/found_an_awesome_repo_listing_more_than_2000_mcp/
Model Context Protocol (MCP),"Each MCP server adds ~200 tokens to context. 15 servers = 3000 extra tokens per conversation. At $3/million tokens, that's ~$0.01 per conversation just for tool ...",MCP Server,https://www.reddit.com/r/mcp/
I Found a collection 300+ MCP servers!,I've been diving into MCP lately and came across this awesome GitHub repo. It's a curated collection of 300+ MCP servers built for AI agents ...,MCP Server,https://www.reddit.com/r/LLMDevs/comments/1ju3ty7/i_found_a_collection_300_mcp_servers/
List of official MCP servers,Apikeyhub.com has a growing directory list of MCPs and APIs. Might find it useful. Over 100 MCPs. Over 1200 APIs. Hope this helps.,MCP Server,https://www.reddit.com/r/mcp/comments/1l8lst2/list_of_official_mcp_servers/
I Found a collection 300+ MCP servers!,I've been diving into MCP lately and came across this awesome GitHub repo. It's a curated collection of 300+ MCP servers built for AI agents.,MCP Server,https://www.reddit.com/r/mcp/comments/1ju3uva/i_found_a_collection_300_mcp_servers/
Still Confused About How MCP Works? Here's the ...,"While it's cool to add pre-built MCP servers from github, what is mind-blowing is when you can create them on the fly. I gave Cline an API key ...",MCP Server,https://www.reddit.com/r/ClaudeAI/comments/1ioxu5r/still_confused_about_how_mcp_works_heres_the/
List of official mcp servers?,"This catalogue lists official MCP servers (ie developed by companies that offer services - like Atlassian, GitHub, etc.)",MCP Server,https://www.reddit.com/r/mcp/comments/1kg4ot4/list_of_official_mcp_servers/
Build a MCP Server in 5 minutes,"The first TypeScript framework specifically for MCP Servers. No more boilerplate hell, no more reinventing the wheel. Just clean, fast server development.",MCP Server,https://www.reddit.com/r/modelcontextprotocol/comments/1haty19/introducing_mcpframework_build_a_mcp_server_in_5/
Everything I learned building a remote MCP server,"It covers authentication, OAuth authorization, session management, troubleshooting and all the steps you need to pair with the major LLM apps.",MCP Server,https://www.reddit.com/r/mcp/comments/1ksncf3/how_to_mcp_everything_i_learned_building_a_remote/
Do people really use MCP server/service?,Read about why MCP even exists â€” generally it provides a common protocol for giving access to a source of data or system to an LLM or agents.,MCP Server,https://www.reddit.com/r/mcp/comments/1mv6w5g/do_people_really_use_mcp_serverservice/
Which MCP servers have you found the most useful?,"Sequential thinking, GitHub, context 7, and Playwright. You can find curated list from Microsoft at the below link. You can find sequential ...",MCP Server,https://www.reddit.com/r/GithubCopilot/comments/1mhy7va/which_mcp_servers_have_you_found_the_most_useful/
Which MCP servers are you using and are indispensable?,"The Docs MCP Server helps you organize and access 3rd party documentation, i.e. libraries you're using. This enables your AI agent to access the ...",MCP Server,https://www.reddit.com/r/mcp/comments/1l38mig/which_mcp_servers_are_you_using_and_are/
A directory of open-source MCP servers,Claude released a protocol called MCP. It standardizes how developers can develop extensions for AI to interact with.,MCP Server,https://www.reddit.com/r/ClaudeAI/comments/1haabm2/a_directory_of_opensource_mcp_servers/
Hosting MCP servers,"We are hosting MCP servers at Supermachine. I think it's the only one where you can host your own custom MCPs from custom commands, custom repos, ENVs etc.",MCP Server,https://www.reddit.com/r/mcp/comments/1jkhidv/hosting_mcp_servers/
A curated list of Model Context Protocol (MCP) servers,Someone just needs to make a meta-MCP server that allows Claude to create and store functionality so it just automatically grows.,MCP Server,https://www.reddit.com/r/ClaudeAI/comments/1h2cnf1/a_curated_list_of_model_context_protocol_mcp/
