server_name,description,category,repo_link,text_for_embedding
modelcontextprotocol/servers,Model Context Protocol Servers,General MCP,https://github.com/modelcontextprotocol/servers,modelcontextprotocol/servers - Model Context Protocol Servers
GitHub's official MCP Server,GitHub's official MCP Server,General MCP,https://github.com/github/github-mcp-server,GitHub's official MCP Server - GitHub's official MCP Server
punkpeye/awesome-mcp-servers,A collection of MCP servers.,General MCP,https://github.com/punkpeye/awesome-mcp-servers,punkpeye/awesome-mcp-servers - A collection of MCP servers.
A practical guide on how to use the GitHub MCP server,A practical guide on how to use the GitHub MCP server ¬∑ Step 1: Install the remote MCP server ¬∑ Step 2: Configure access controls ¬∑ Step 3: Try ...,General MCP,https://github.blog/ai-and-ml/generative-ai/a-practical-guide-on-how-to-use-the-github-mcp-server/,A practical guide on how to use the GitHub MCP server - A practical guide on how to use the GitHub MCP server ¬∑ Step 1: Install the remote MCP server ¬∑ Step 2: Configure access controls ¬∑ Step 3: Try ...
Using the GitHub MCP Server,Learn how to use the GitHub Model Context Protocol (MCP) server to extend Copilot Chat.,LLM,https://docs.github.com/en/copilot/how-tos/provide-context/use-mcp/use-the-github-mcp-server,Using the GitHub MCP Server - Learn how to use the GitHub Model Context Protocol (MCP) server to extend Copilot Chat.
Use MCP servers in VS Code,Learn how to configure and use Model Context Protocol (MCP) servers with GitHub Copilot in Visual Studio Code.,General MCP,https://code.visualstudio.com/docs/copilot/chat/mcp-servers,Use MCP servers in VS Code - Learn how to configure and use Model Context Protocol (MCP) servers with GitHub Copilot in Visual Studio Code.
Example Servers,This page showcases various Model Context Protocol (MCP) servers that demonstrate the protocol's capabilities and versatility.,General MCP,https://modelcontextprotocol.io/examples,Example Servers - This page showcases various Model Context Protocol (MCP) servers that demonstrate the protocol's capabilities and versatility.
wong2/awesome-mcp-servers,A curated list of Model Context Protocol (MCP) servers,General MCP,https://github.com/wong2/awesome-mcp-servers,wong2/awesome-mcp-servers - A curated list of Model Context Protocol (MCP) servers
GitHub - A collection of MCP servers,"I created a MCP server to help installing MCP from prompt. MCP Easy Intaller. Github search for MCP servers, Install from Github and NPMJS url.",General MCP,https://www.reddit.com/r/ClaudeAI/comments/1h36xzl/github_awesomemcpservers_a_collection_of_mcp/,"GitHub - A collection of MCP servers - I created a MCP server to help installing MCP from prompt. MCP Easy Intaller. Github search for MCP servers, Install from Github and NPMJS url."
Remote GitHub MCP Server is now in public preview,"The GitHub MCP Server allows AI tools like GitHub Copilot in VS Code and Visual Studio, Claude Desktop, and others to seamlessly access live GitHub context and ...",LLM,https://github.blog/changelog/2025-06-12-remote-github-mcp-server-is-now-available-in-public-preview/,"Remote GitHub MCP Server is now in public preview - The GitHub MCP Server allows AI tools like GitHub Copilot in VS Code and Visual Studio, Claude Desktop, and others to seamlessly access live GitHub context and ..."
appcypher/awesome-mcp-servers,Awesome MCP Servers - A curated list of Model Context Protocol servers,General MCP,https://github.com/appcypher/awesome-mcp-servers,appcypher/awesome-mcp-servers - Awesome MCP Servers - A curated list of Model Context Protocol servers
GitMCP,"GitMCP creates a dedicated Model Context Protocol (MCP) server for any GitHub project, enabling AI assistants to understand your code in context.",General MCP,https://gitmcp.io/,"GitMCP - GitMCP creates a dedicated Model Context Protocol (MCP) server for any GitHub project, enabling AI assistants to understand your code in context."
Use MCP servers - Visual Studio (Windows),"GitHub's official MCP server offers tools to list repositories, create pull requests, or manage issues. MCP servers can run locally on your ...",General MCP,https://learn.microsoft.com/en-us/visualstudio/ide/mcp-servers?view=vs-2022,"Use MCP servers - Visual Studio (Windows) - GitHub's official MCP server offers tools to list repositories, create pull requests, or manage issues. MCP servers can run locally on your ..."
Model Context Protocol,The Model Context Protocol (MCP) is an open protocol that enables seamless integration between LLM applications and external data sources and tools.,LLM,https://github.com/modelcontextprotocol,Model Context Protocol - The Model Context Protocol (MCP) is an open protocol that enables seamless integration between LLM applications and external data sources and tools.
[GitHub] Awesome MCP Servers,I'm putting together a curated list of Model Context Protocol (MCP) servers that you might find useful if you're working with Claude Desktop or interested in ...,LLM,https://www.reddit.com/r/Anthropic/comments/1h2buuv/github_awesome_mcp_servers_a_collection_of_model/,[GitHub] Awesome MCP Servers - I'm putting together a curated list of Model Context Protocol (MCP) servers that you might find useful if you're working with Claude Desktop or interested in ...
Awesome MCP Servers,"An MCP server for interacting with various services like Slack, Harvest, and GitHub to manage activities and data. View Details. Actual Budget. Integrate Actual ...",Productivity,https://mcpservers.org/,"Awesome MCP Servers - An MCP server for interacting with various services like Slack, Harvest, and GitHub to manage activities and data. View Details. Actual Budget. Integrate Actual ..."
GitHub MCP Server,"Provides tools for interacting with GitHub's API through the MCP protocol, allowing users to create repositories, push content, and retrieve user information.",General MCP,https://glama.ai/mcp/servers/@modelcontextprotocol/github,"GitHub MCP Server - Provides tools for interacting with GitHub's API through the MCP protocol, allowing users to create repositories, push content, and retrieve user information."
Must-Have MCP Servers for Coding and Beyond,Roo and Cline can 100% use MCP servers. Cline is easier to setup as they have a marketplace built in. I've found the easiest way to get them ...,General MCP,https://www.reddit.com/r/ClaudeAI/comments/1k0f3vs/musthave_mcp_servers_for_coding_and_beyond/,Must-Have MCP Servers for Coding and Beyond - Roo and Cline can 100% use MCP servers. Cline is easier to setup as they have a marketplace built in. I've found the easiest way to get them ...
MCP Market,"Official MCP Servers ¬∑ Bright Data ¬∑ Firecrawl ¬∑ ElevenLabs ¬∑ Magic ¬∑ Browserbase ¬∑ Exa. 2,130. Enables AI assistants like Claude to perform web searches using ...",LLM,https://mcpmarket.com/,"MCP Market - Official MCP Servers ¬∑ Bright Data ¬∑ Firecrawl ¬∑ ElevenLabs ¬∑ Magic ¬∑ Browserbase ¬∑ Exa. 2,130. Enables AI assistants like Claude to perform web searches using ..."
A Comprehensive Guide to the Best MCP Servers for 2025,Detailed Comparison of Top MCP Servers ¬∑ 1. Blender-MCP ¬∑ 2. GitHub-MCP ¬∑ 3. File System-MCP ¬∑ 4. Docker-MCP ¬∑ 5. WhatsApp-MCP ¬∑ 6. Puppeteer- ...,DevOps,https://medium.com/@tam.tamanna18/a-comprehensive-guide-to-the-best-mcp-servers-for-2025-5ee541b2b00f,A Comprehensive Guide to the Best MCP Servers for 2025 - Detailed Comparison of Top MCP Servers ¬∑ 1. Blender-MCP ¬∑ 2. GitHub-MCP ¬∑ 3. File System-MCP ¬∑ 4. Docker-MCP ¬∑ 5. WhatsApp-MCP ¬∑ 6. Puppeteer- ...
I tried 100+ MCP Servers and Here's my Top 10,"Try apps like MCP Now, which helps manage all servers from one place, making it easy to hot-swap between configs and test flows quickly without digging into ...",General MCP,https://dev.to/therealmrmumba/top-10-cursor-mcp-servers-in-2025-1nm7/comments,"I tried 100+ MCP Servers and Here's my Top 10 - Try apps like MCP Now, which helps manage all servers from one place, making it easy to hot-swap between configs and test flows quickly without digging into ..."
Top 10 MCP Servers & Clients for AI Workflow Automation ...,Top 10 MCP Servers ¬∑ 1. Filesystem ¬∑ 2. Playwright ¬∑ 3. Run Python ¬∑ 4. GitHub ¬∑ 5. WhatsApp ¬∑ 6. Notion ¬∑ 7. Tavily ¬∑ 8. mem0. The ...,Productivity,https://www.datacamp.com/blog/top-mcp-servers-and-clients,Top 10 MCP Servers & Clients for AI Workflow Automation ... - Top 10 MCP Servers ¬∑ 1. Filesystem ¬∑ 2. Playwright ¬∑ 3. Run Python ¬∑ 4. GitHub ¬∑ 5. WhatsApp ¬∑ 6. Notion ¬∑ 7. Tavily ¬∑ 8. mem0. The ...
10 Microsoft MCP Servers to Accelerate Your Development ...,1. Microsoft Learn Docs MCP Server ¬∑ 2. ‚òÅÔ∏è Azure MCP Server ¬∑ 3. GitHub MCP Server ¬∑ 4. Azure DevOps MCP Server ¬∑ 5. MarkItDown MCP Server ¬∑ 6 ...,General MCP,https://devblogs.microsoft.com/blog/10-microsoft-mcp-servers-to-accelerate-your-development-workflow,10 Microsoft MCP Servers to Accelerate Your Development ... - 1. Microsoft Learn Docs MCP Server ¬∑ 2. ‚òÅÔ∏è Azure MCP Server ¬∑ 3. GitHub MCP Server ¬∑ 4. Azure DevOps MCP Server ¬∑ 5. MarkItDown MCP Server ¬∑ 6 ...
Awesome MCP servers,Deep dive into the MCP server directory ¬∑ 1. K2view MCP server ¬∑ 2. Vectara MCP server ¬∑ 3. Zapier MCP server ¬∑ 4. Notion MCP server ¬∑ 5.,Productivity,https://www.k2view.com/blog/awesome-mcp-servers,Awesome MCP servers - Deep dive into the MCP server directory ¬∑ 1. K2view MCP server ¬∑ 2. Vectara MCP server ¬∑ 3. Zapier MCP server ¬∑ 4. Notion MCP server ¬∑ 5.
Top 10 MCP Servers You Can Try in 2025,1. File System MCP Server: Your Local File Wizard ¬∑ 2. GitHub MCP Server: Code Management Made Easy ¬∑ 3. Slack MCP Server: Chat Automation Hero ¬∑ 4. Google Maps ...,LLM,https://apidog.com/blog/top-10-mcp-servers/,Top 10 MCP Servers You Can Try in 2025 - 1. File System MCP Server: Your Local File Wizard ¬∑ 2. GitHub MCP Server: Code Management Made Easy ¬∑ 3. Slack MCP Server: Chat Automation Hero ¬∑ 4. Google Maps ...
Top 10 awesome MCP servers that can make your life easier,1. Notion for automated note-taking ¬∑ 2. Figma: From Design to Code ¬∑ 3. Supabase for managing the database from an IDE ¬∑ 4. Firecrawl MCP for ...,Database,https://composio.dev/blog/10-awesome-mcp-servers-to-make-your-life-easier,Top 10 awesome MCP servers that can make your life easier - 1. Notion for automated note-taking ¬∑ 2. Figma: From Design to Code ¬∑ 3. Supabase for managing the database from an IDE ¬∑ 4. Firecrawl MCP for ...
10 Awesome MCP Servers,1. Filesystem MCP Server ¬∑ 2. Google Drive MCP Server ¬∑ 3. Slack MCP Server ¬∑ 4. Memory MCP Server ¬∑ 5. Spotify MCP Server ¬∑ 6. Notion MCP Server ¬∑ 7.,Productivity,https://www.kdnuggets.com/10-awesome-mcp-servers,10 Awesome MCP Servers - 1. Filesystem MCP Server ¬∑ 2. Google Drive MCP Server ¬∑ 3. Slack MCP Server ¬∑ 4. Memory MCP Server ¬∑ 5. Spotify MCP Server ¬∑ 6. Notion MCP Server ¬∑ 7.
The top 15 MCP servers for your AI projects,The top 15 MCP servers for your AI projects ¬∑ 1. GitHub MCP server: Advanced code automation and analysis ¬∑ 2. MongoDB MCP server: Natural ...,General MCP,https://blog.logrocket.com/top-15-mcp-servers-ai-projects/,The top 15 MCP servers for your AI projects - The top 15 MCP servers for your AI projects ¬∑ 1. GitHub MCP server: Advanced code automation and analysis ¬∑ 2. MongoDB MCP server: Natural ...
The Top 20 MCP Servers for Developers (According to ...,File & Coding Tools ¬∑ 1. Sequential Thinking MCP ¬∑ 2. GitHub MCP ¬∑ 3. Serena MCP ¬∑ 4. DesktopCommanderMCP ¬∑ 5. File System MCP ¬∑ 6. Docker MCP.,DevOps,https://medium.com/@elisowski/the-top-20-mcp-servers-for-developers-according-to-reddits-users-bab333886336,The Top 20 MCP Servers for Developers (According to ... - File & Coding Tools ¬∑ 1. Sequential Thinking MCP ¬∑ 2. GitHub MCP ¬∑ 3. Serena MCP ¬∑ 4. DesktopCommanderMCP ¬∑ 5. File System MCP ¬∑ 6. Docker MCP.
An MCP server capable of interacting with the Box API,An MCP server capable of interacting with the Box API,General MCP,https://github.com/box-community/mcp-server-box,An MCP server capable of interacting with the Box API - An MCP server capable of interacting with the Box API
awslabs/mcp,"AWS MCP Servers ‚Äî helping you get the most out of AWS, wherever you use MCP.",General MCP,https://github.com/awslabs/mcp,"awslabs/mcp - AWS MCP Servers ‚Äî helping you get the most out of AWS, wherever you use MCP."
docker/mcp-servers,Model Context Protocol Servers,DevOps,https://github.com/docker/mcp-servers,docker/mcp-servers - Model Context Protocol Servers
quarkiverse/quarkus-mcp-servers,Model Context Protocol Servers in Quarkus,General MCP,https://github.com/quarkiverse/quarkus-mcp-servers,quarkiverse/quarkus-mcp-servers - Model Context Protocol Servers in Quarkus
Context7 MCP Server -- Up-to-date code documentation for ...,Context7 MCP Server -- Up-to-date code documentation for LLMs and AI code editors,LLM,https://github.com/upstash/context7,Context7 MCP Server -- Up-to-date code documentation for ... - Context7 MCP Server -- Up-to-date code documentation for LLMs and AI code editors
mcp-use is the easiest way to interact with mcp servers with ...,mcp-use is the easiest way to interact with mcp servers with custom agents,General MCP,https://github.com/mcp-use/mcp-use,mcp-use is the easiest way to interact with mcp servers with ... - mcp-use is the easiest way to interact with mcp servers with custom agents
anaisbetts/mcp-installer,An MCP server that installs other MCP servers for you,General MCP,https://github.com/anaisbetts/mcp-installer,anaisbetts/mcp-installer - An MCP server that installs other MCP servers for you
PipedreamHQ/awesome-mcp-servers,A collection of MCP servers,General MCP,https://github.com/PipedreamHQ/awesome-mcp-servers,PipedreamHQ/awesome-mcp-servers - A collection of MCP servers
Extending GitHub Copilot coding agent with the Model ...,"You configure MCP servers using a special JSON format. The JSON must contain an mcpServers object, where the key is the name of the MCP server (for example, ...",General MCP,https://docs.github.com/copilot/customizing-copilot/using-model-context-protocol/extending-copilot-coding-agent-with-mcp,"Extending GitHub Copilot coding agent with the Model ... - You configure MCP servers using a special JSON format. The JSON must contain an mcpServers object, where the key is the name of the MCP server (for example, ..."
Catalog of official Microsoft MCP (Model Context Protocol) ...,Catalog of official Microsoft MCP (Model Context Protocol) server implementations for AI-powered data access and tool integration,Productivity,https://github.com/microsoft/mcp,Catalog of official Microsoft MCP (Model Context Protocol) ... - Catalog of official Microsoft MCP (Model Context Protocol) server implementations for AI-powered data access and tool integration
jlowin/fastmcp,"üöÄ The fast, Pythonic way to build MCP servers and clients",General MCP,https://github.com/jlowin/fastmcp,"jlowin/fastmcp - üöÄ The fast, Pythonic way to build MCP servers and clients"
microsoft/playwright-mcp,Playwright MCP server,General MCP,https://github.com/microsoft/playwright-mcp,microsoft/playwright-mcp - Playwright MCP server
modelcontextprotocol/servers-archived,Reference MCP servers that are no longer maintained,General MCP,https://github.com/modelcontextprotocol/servers-archived,modelcontextprotocol/servers-archived - Reference MCP servers that are no longer maintained
30+ MCP Ideas with Complete Source Code,We will learn about MCP and explore 30+ MCP servers with complete source code. You will find a demo in almost every example and some useful projects at the end.,General MCP,https://dev.to/copilotkit/30-mcp-ideas-with-complete-source-code-d8e,30+ MCP Ideas with Complete Source Code - We will learn about MCP and explore 30+ MCP servers with complete source code. You will find a demo in almost every example and some useful projects at the end.
9 Hands-On MCP Projects to Strengthen Your AI Portfolio,"9 practical MCP project ideas designed to help AI engineers build real-world, tool-using agents with Claude, LangChain, and open protocols.",LLM,https://www.projectpro.io/article/mcp-projects/1142,"9 Hands-On MCP Projects to Strengthen Your AI Portfolio - 9 practical MCP project ideas designed to help AI engineers build real-world, tool-using agents with Claude, LangChain, and open protocols."
Coolest things built with MCP?,What are some of the coolest AI agents you've seen built using MCP servers? I've been using some MCP servers locally mainly for software development.,General MCP,https://www.reddit.com/r/mcp/comments/1k7dwul/coolest_things_built_with_mcp/,Coolest things built with MCP? - What are some of the coolest AI agents you've seen built using MCP servers? I've been using some MCP servers locally mainly for software development.
Top 8 Open Source MCP Projects with the Most GitHub Stars,Top 8 Open Source MCP Projects with the Most GitHub Stars ¬∑ ‚Ññ1: n8n ¬∑ ‚Ññ2: dify ¬∑ ‚Ññ3: Open WebUI ¬∑ ‚Ññ4: Netdata ¬∑ ‚Ññ5: Lobe Chat ¬∑ ‚Ññ6: Glama ¬∑ ‚Ññ7: RAGFlow.,LLM,https://medium.com/@nocobase/top-8-open-source-mcp-projects-with-the-most-github-stars-f2e2a603b41d,Top 8 Open Source MCP Projects with the Most GitHub Stars - Top 8 Open Source MCP Projects with the Most GitHub Stars ¬∑ ‚Ññ1: n8n ¬∑ ‚Ññ2: dify ¬∑ ‚Ññ3: Open WebUI ¬∑ ‚Ññ4: Netdata ¬∑ ‚Ññ5: Lobe Chat ¬∑ ‚Ññ6: Glama ¬∑ ‚Ññ7: RAGFlow.
Model Context Protocol (MCP),"In this blog, I'll guide you through building an MCP-powered PR review server that integrates with Claude Desktop.",LLM,https://www.datacamp.com/tutorial/mcp-model-context-protocol,"Model Context Protocol (MCP) - In this blog, I'll guide you through building an MCP-powered PR review server that integrates with Claude Desktop."
Build an MCP Server,"In this tutorial, we'll build a simple MCP weather server and connect it to a host, Claude for Desktop. We'll start with a basic setup, and then progress to ...",LLM,https://modelcontextprotocol.io/quickstart/server,"Build an MCP Server - In this tutorial, we'll build a simple MCP weather server and connect it to a host, Claude for Desktop. We'll start with a basic setup, and then progress to ..."
Connect Claude Code to tools via MCP,"Claude Code can connect to hundreds of external tools and data sources through the Model Context Protocol (MCP), an open-source standard for AI-tool ...",LLM,https://docs.anthropic.com/en/docs/claude-code/mcp,"Connect Claude Code to tools via MCP - Claude Code can connect to hundreds of external tools and data sources through the Model Context Protocol (MCP), an open-source standard for AI-tool ..."
Wish,"I want to be able to specify a config in the .cursor folder of my project which defines that project-specific MCP server (or multiple, but even just one would ...",General MCP,https://forum.cursor.com/t/wish-project-specific-mcp-server-configs/50725,"Wish - I want to be able to specify a config in the .cursor folder of my project which defines that project-specific MCP server (or multiple, but even just one would ..."
9 MCP Projects for AI Engineers - by Avi Chawla,#1) 100% local MCP client ¬∑ #2) MCP-powered Agentic RAG ¬∑ #3) MCP-powered financial analyst ¬∑ #4) MCP-powered Voice Agent ¬∑ #5) A unified MCP server.,General MCP,https://blog.dailydoseofds.com/p/9-mcp-projects-for-ai-engineers,9 MCP Projects for AI Engineers - by Avi Chawla - #1) 100% local MCP client ¬∑ #2) MCP-powered Agentic RAG ¬∑ #3) MCP-powered financial analyst ¬∑ #4) MCP-powered Voice Agent ¬∑ #5) A unified MCP server.
How to Build a Simple MCP Server? | by Khushbu Shah,"In this tutorial, we will take you step by step through building a simple MCP server that fetches real-time weather data, gives you the latest forecasts,",General MCP,https://medium.com/projectpro/how-to-build-a-simple-mcp-server-0659672bc52d,"How to Build a Simple MCP Server? | by Khushbu Shah - In this tutorial, we will take you step by step through building a simple MCP server that fetches real-time weather data, gives you the latest forecasts,"
executeautomation/mcp-database-server,"MCP Database Server is a new MCP Server which helps connect with Sqlite, SqlServer and Posgresql Databases",Database,https://github.com/executeautomation/mcp-database-server,"executeautomation/mcp-database-server - MCP Database Server is a new MCP Server which helps connect with Sqlite, SqlServer and Posgresql Databases"
MCP Server Directory,A daily-updated directory of all Model Context Protocol (MCP) servers available on the internet. Connect your AI apps to external data sources and services.,General MCP,https://www.pulsemcp.com/servers,MCP Server Directory - A daily-updated directory of all Model Context Protocol (MCP) servers available on the internet. Connect your AI apps to external data sources and services.
MCP Servers,"MCP Server is a system that provides context, tools, and prompts to AI clients. It can expose data sources like files, documents, databases, and API ...",Database,https://mcp.so/,"MCP Servers - MCP Server is a system that provides context, tools, and prompts to AI clients. It can expose data sources like files, documents, databases, and API ..."
Introducing MCP Server for Oracle Database,It can now be run as an MCP Server and provides MCP tools that allow an AI assistant to securely connect to Oracle Database. SQLcl manages the ...,Database,https://blogs.oracle.com/database/post/introducing-mcp-server-for-oracle-database,Introducing MCP Server for Oracle Database - It can now be run as an MCP Server and provides MCP tools that allow an AI assistant to securely connect to Oracle Database. SQLcl manages the ...
Supercharging AWS database development with ...,"In this post, we explore the core concepts behind MCP and demonstrate how new AWS MCP servers can accelerate your database development through natural language ...",Database,https://aws.amazon.com/blogs/database/supercharging-aws-database-development-with-aws-mcp-servers/,"Supercharging AWS database development with ... - In this post, we explore the core concepts behind MCP and demonstrate how new AWS MCP servers can accelerate your database development through natural language ..."
Introduction | MCP Toolbox for Databases,"MCP Toolbox for Databases is an open source MCP server for databases. It enables you to develop tools easier, faster, and more securely.",Database,https://googleapis.github.io/genai-toolbox/getting-started/introduction/,"Introduction | MCP Toolbox for Databases - MCP Toolbox for Databases is an open source MCP server for databases. It enables you to develop tools easier, faster, and more securely."
MCP Toolbox for Databases (formerly Gen AI ...,MCP Toolbox for Databases (Toolbox) is an open-source MCP (Model Context Protocol) server that allows developers to connect gen AI agents to enterprise data ...,Database,https://cloud.google.com/blog/products/ai-machine-learning/mcp-toolbox-for-databases-now-supports-model-context-protocol,MCP Toolbox for Databases (formerly Gen AI ... - MCP Toolbox for Databases (Toolbox) is an open-source MCP (Model Context Protocol) server that allows developers to connect gen AI agents to enterprise data ...
List of all MCP Servers (42),"A comprehensive map of all available MCP servers, from reference implementations to community contributions",General MCP,https://portkey.ai/mcp-servers,"List of all MCP Servers (42) - A comprehensive map of all available MCP servers, from reference implementations to community contributions"
MCP servers,"Production-ready MCP servers that extend AI capabilities through file access, database connections, API integrations, and other contextual services.",Database,https://glama.ai/mcp/servers,"MCP servers - Production-ready MCP servers that extend AI capabilities through file access, database connections, API integrations, and other contextual services."
Introducing MSSQL MCP Server (Preview) - Azure SQL ...,"This powerful gateway provides seamless connection across on-premises SQL Server, Azure SQL Database, and SQL Database in Microsoft Fabric, ...",Database,https://devblogs.microsoft.com/azure-sql/introducing-mssql-mcp-server/,"Introducing MSSQL MCP Server (Preview) - Azure SQL ... - This powerful gateway provides seamless connection across on-premises SQL Server, Azure SQL Database, and SQL Database in Microsoft Fabric, ..."
Unified Model Context Protocol (MCP) Server for Databases,"MindsDB's MCP server connects AI models directly to your database ecosystems‚Äîwhether cloud-based, on-premises, or hybrid‚Äîincluding Oracle, PostgreSQL, MongoDB, ...",Database,https://mindsdb.com/unified-model-context-protocol-mcp-server-for-databases,"Unified Model Context Protocol (MCP) Server for Databases - MindsDB's MCP server connects AI models directly to your database ecosystems‚Äîwhether cloud-based, on-premises, or hybrid‚Äîincluding Oracle, PostgreSQL, MongoDB, ..."
Turning Your Database Into an MCP Server With Auth,"With a remote MCP server, organizations expose their data and services to AI models over the internet, so the most important thing is Auth (authentication and ...",Database,https://dev.to/zenstack/turning-your-database-into-an-mcp-server-with-auth-32mp,"Turning Your Database Into an MCP Server With Auth - With a remote MCP server, organizations expose their data and services to AI models over the internet, so the most important thing is Auth (authentication and ..."
MCP Servers for Cursor,This Model Context Protocol (MCP) server enables seamless integration between AI-powered development environments and your DigitalOcean managed databases. Works ...,Database,https://cursor.directory/mcp,MCP Servers for Cursor - This Model Context Protocol (MCP) server enables seamless integration between AI-powered development environments and your DigitalOcean managed databases. Works ...
What is an MCP server?,"An MCP server is a component of the Model Context Protocol (MCP), a standard designed to connect GenAI applications with enterprise data and AI tools.",General MCP,https://www.k2view.com/blog/mcp-server/,"What is an MCP server? - An MCP server is a component of the Model Context Protocol (MCP), a standard designed to connect GenAI applications with enterprise data and AI tools."
A Model Context Protocol (MCP) server for Microsoft SQL ...,"A Model Context Protocol (MCP) server for Microsoft SQL Server that enables secure database interactions through a controlled interface. Allows AI assistants to safely list tables, read data, and execute SQL queries while maintaining security and structure.",Database,https://github.com/RichardHan/mssql_mcp_server,"A Model Context Protocol (MCP) server for Microsoft SQL ... - A Model Context Protocol (MCP) server for Microsoft SQL Server that enables secure database interactions through a controlled interface. Allows AI assistants to safely list tables, read data, and execute SQL queries while maintaining security and structure."
Learn MCP by building an SQL AI Agent,MCP Server: This is where you define your AI tools and how they work. You set up a server that knows how to do things like query a database or ...,Database,https://www.reddit.com/r/ChatGPTCoding/comments/1jd9lfa/learn_mcp_by_building_an_sql_ai_agent/,Learn MCP by building an SQL AI Agent - MCP Server: This is where you define your AI tools and how they work. You set up a server that knows how to do things like query a database or ...
Microsoft SQL Server MCP tool,An MCP (Model Context Protocol) tool makes database commands available to AI agents such as GitHub Copilot or Claude Code. Microsoft has now ...,Database,https://devclass.com/2025/07/02/microsoft-sql-server-mcp-tool-leap-in-data-interaction-or-limited-and-frustrating/,Microsoft SQL Server MCP tool - An MCP (Model Context Protocol) tool makes database commands available to AI agents such as GitHub Copilot or Claude Code. Microsoft has now ...
Agents at Work,"In our previous blogpost, we introduced the groundbreaking MSSQL MCP Server (in Preview), highlighting its role in bridging your MSSQL databases ...",Database,https://devblogs.microsoft.com/azure-sql/mssql-mcp-server-in-action-susans-journey/,"Agents at Work - In our previous blogpost, we introduced the groundbreaking MSSQL MCP Server (in Preview), highlighting its role in bridging your MSSQL databases ..."
MSSQL MCP Server,Enables execution of SQL queries and management of Microsoft SQL Server database connections through the Model Context Protocol.,Database,https://glama.ai/mcp/servers/@c0h1b4/mssql-mcp-server,MSSQL MCP Server - Enables execution of SQL queries and management of Microsoft SQL Server database connections through the Model Context Protocol.
The Best MCP Servers and LLMs for MS SQL Server,The Best MCP Servers and LLMs for MS SQL Server ¬∑ 1. DreamFactory ¬∑ 2. Azure SQL Database ¬∑ 3. OpenAI Codex ¬∑ 4. GPT-4-based Models.,Database,https://blog.dreamfactory.com/the-best-mcp-servers-and-llms-for-ms-sql-server,The Best MCP Servers and LLMs for MS SQL Server - The Best MCP Servers and LLMs for MS SQL Server ¬∑ 1. DreamFactory ¬∑ 2. Azure SQL Database ¬∑ 3. OpenAI Codex ¬∑ 4. GPT-4-based Models.
mssql-mcp-server,MSSQL MCP Server is a Model Context Protocol (MCP) server that enables secure and structured interaction with Microsoft SQL Server (MSSQL) databases. It allows ...,Database,https://pypi.org/project/mssql-mcp-server/,mssql-mcp-server - MSSQL MCP Server is a Model Context Protocol (MCP) server that enables secure and structured interaction with Microsoft SQL Server (MSSQL) databases. It allows ...
How to Use Microsoft SQL Server MCP,This tutorial will guide you through the setup and usage of an MCP (Model Context Protocol) server specifically designed for MS SQL Server.,Database,https://apidog.com/blog/ms-sql-server-mcp/,How to Use Microsoft SQL Server MCP - This tutorial will guide you through the setup and usage of an MCP (Model Context Protocol) server specifically designed for MS SQL Server.
MCP SQL server,"MCP SQL Server lets AI tools securely access real-time SQL server data and context, enhancing AI insights, accuracy, and data governance across systems.",Database,https://www.k2view.com/blog/mcp-sql-server/,"MCP SQL server - MCP SQL Server lets AI tools securely access real-time SQL server data and context, enhancing AI insights, accuracy, and data governance across systems."
Getting Started with MSSQL MCP Server,"The MSSQL MCP Server transforms database interaction from a complex, syntax-heavy process into intuitive, natural language conversations.",Database,https://medium.com/@Daradev/unlocking-ai-powered-database-interactions-a-complete-guide-to-mssql-mcp-server-integration-134998978d4b,"Getting Started with MSSQL MCP Server - The MSSQL MCP Server transforms database interaction from a complex, syntax-heavy process into intuitive, natural language conversations."
Model Context Protocol,MCP is an open protocol that standardizes how applications provide context to large language models (LLMs). Think of MCP like a USB-C port for AI ...,LLM,https://modelcontextprotocol.io/,Model Context Protocol - MCP is an open protocol that standardizes how applications provide context to large language models (LLMs). Think of MCP like a USB-C port for AI ...
Using the Model Context Protocol (MCP) With a Local LLM,"In this tutorial article, we'll start by creating an MCP server that offers a few tools, and then get a small Llama 3.2 model to make use of those tools.",LLM,https://medium.com/predict/using-the-model-context-protocol-mcp-with-a-local-llm-e398d6f318c3,"Using the Model Context Protocol (MCP) With a Local LLM - In this tutorial article, we'll start by creating an MCP server that offers a few tools, and then get a small Llama 3.2 model to make use of those tools."
What Is the Model Context Protocol (MCP) and How It Works,The Model Context Protocol (MCP) addresses this challenge by providing a standardized way for LLMs to connect with external data sources and tools.,LLM,https://www.descope.com/learn/post/mcp,What Is the Model Context Protocol (MCP) and How It Works - The Model Context Protocol (MCP) addresses this challenge by providing a standardized way for LLMs to connect with external data sources and tools.
One File To Turn Any LLM into an Expert MCP Pair- ...,I wanted to share a powerful approach I've discovered for building MCP servers that works with any LLM. I've compiled comprehensive ...,LLM,https://www.reddit.com/r/ClaudeAI/comments/1h5o9uh/one_file_to_turn_any_llm_into_an_expert_mcp/,One File To Turn Any LLM into an Expert MCP Pair- ... - I wanted to share a powerful approach I've discovered for building MCP servers that works with any LLM. I've compiled comprehensive ...
Building MCP with LLMs,"This guide will help you use LLMs to help you build custom Model Context Protocol (MCP) servers and clients. We'll be focusing on Claude for this tutorial, ...",LLM,https://modelcontextprotocol.io/tutorials/building-mcp-with-llms,"Building MCP with LLMs - This guide will help you use LLMs to help you build custom Model Context Protocol (MCP) servers and clients. We'll be focusing on Claude for this tutorial, ..."
Model Context Protocol(MCP) ‚Äî Anthropic's ...,"The MCP build servers that expose data and functionality to LLM applications in a secure, standardized way. Think of it like a web API, but ...",LLM,https://medium.com/@sulbha.jindal/model-control-protocol-mcp-anthropics-standardization-to-llm-workflows-5bfda624838d,"Model Context Protocol(MCP) ‚Äî Anthropic's ... - The MCP build servers that expose data and functionality to LLM applications in a secure, standardized way. Think of it like a web API, but ..."
14,"In fact, you can think of MCP servers as a library of ready-made tools that any agent can use. The difference is where the standardization lies.",General MCP,https://huggingface.co/blog/Kseniase/mcp,"14 - In fact, you can think of MCP servers as a library of ready-made tools that any agent can use. The difference is where the standardization lies."
Introducing our Dev Mode MCP server,"We're announcing the beta release of the Dev Mode MCP server, which brings Figma directly into the developer workflow to help LLMs achieve design-informed code ...",LLM,https://www.figma.com/blog/introducing-figmas-dev-mode-mcp-server/,"Introducing our Dev Mode MCP server - We're announcing the beta release of the Dev Mode MCP server, which brings Figma directly into the developer workflow to help LLMs achieve design-informed code ..."
MCP Compatibility in AnythingLLM,The Model Context Protocol (MCP) is an open protocol that enables seamless integration between LLM applications and external data sources and tools.,LLM,https://docs.anythingllm.com/mcp-compatibility/overview,MCP Compatibility in AnythingLLM - The Model Context Protocol (MCP) is an open protocol that enables seamless integration between LLM applications and external data sources and tools.
Specification,Model Context Protocol (MCP) is an open protocol that enables seamless integration between LLM applications and external data sources and tools.,LLM,https://modelcontextprotocol.io/specification/2025-06-18,Specification - Model Context Protocol (MCP) is an open protocol that enables seamless integration between LLM applications and external data sources and tools.
Build an MCP Server in Minutes,"Build an MCP server from GitHub in minutes and learn how to reduce LLM token costs with best practices for performance, efficiency, ...",LLM,https://www.getambassador.io/blog/mcp-server-explained,"Build an MCP Server in Minutes - Build an MCP server from GitHub in minutes and learn how to reduce LLM token costs with best practices for performance, efficiency, ..."
Introducing the dbt MCP Server ‚Äì Bringing Structured Data to ...,The dbt MCP server provides access to a set of tools that operate on top of your dbt project. These tools can be called by LLM systems to learn about your data ...,LLM,https://docs.getdbt.com/blog/introducing-dbt-mcp-server,Introducing the dbt MCP Server ‚Äì Bringing Structured Data to ... - The dbt MCP server provides access to a set of tools that operate on top of your dbt project. These tools can be called by LLM systems to learn about your data ...
Claude MCP Community,"An MCP server allows AI agents to control web browsers via the browser-use tool, enabling automated web interactions and tasks. It provides a seamless interface ...",LLM,https://www.claudemcp.com/en,"Claude MCP Community - An MCP server allows AI agents to control web browsers via the browser-use tool, enabling automated web interactions and tasks. It provides a seamless interface ..."
Connect to Local MCP Servers,Learn how to extend Claude Desktop with local MCP servers to enable file system access and other powerful integrations.,LLM,https://modelcontextprotocol.io/quickstart/user,Connect to Local MCP Servers - Learn how to extend Claude Desktop with local MCP servers to enable file system access and other powerful integrations.
Can someone explain MCP to me? How are you using it? ...,"MCP essentially allows you to give Claude access to various external systems. This can be files on your computer, an API, a browser, a database, or anything ...",Database,https://www.reddit.com/r/ClaudeAI/comments/1h55zxd/can_someone_explain_mcp_to_me_how_are_you_using/,"Can someone explain MCP to me? How are you using it? ... - MCP essentially allows you to give Claude access to various external systems. This can be files on your computer, an API, a browser, a database, or anything ..."
Connect Claude to MCP Servers for Better AI Capabilities,This guide will explain how MCP works and how it can improve interactions between Claude and your apps. We'll also walk you through the steps to connect Claude ...,LLM,https://www.getmesa.com/blog/how-to-connect-mcp-server-claude/,Connect Claude to MCP Servers for Better AI Capabilities - This guide will explain how MCP works and how it can improve interactions between Claude and your apps. We'll also walk you through the steps to connect Claude ...
Building My First MCP Server,"In this blog, I'll walk you through how I built my very first MCP (Model Context Protocol) server to connect a local AI assistant ‚Äî Claude ...",LLM,https://medium.com/@anil.goyal0057/building-my-first-mcp-server-integrating-ai-with-local-tools-using-claude-desktop-5d58910f658c,"Building My First MCP Server - In this blog, I'll walk you through how I built my very first MCP (Model Context Protocol) server to connect a local AI assistant ‚Äî Claude ..."
Connect to Remote MCP Servers,The process of connecting Claude to a remote MCP server involves adding a Custom Connector through the Claude interface. This establishes a secure connection ...,LLM,https://modelcontextprotocol.io/docs/tutorials/use-remote-mcp-server,Connect to Remote MCP Servers - The process of connecting Claude to a remote MCP server involves adding a Custom Connector through the Claude interface. This establishes a secure connection ...
How to add MCP servers to Claude (free and paid),"You can add an MCP to Claude by pressing the ""+ Add Custom Integration"" button. You'll need to give your integration a name and a URL.",LLM,https://www.weavely.ai/blog/claude-mcp,"How to add MCP servers to Claude (free and paid) - You can add an MCP to Claude by pressing the ""+ Add Custom Integration"" button. You'll need to give your integration a name and a URL."
Claude MCP,Anthropic's Claude Model Context Protocol (MCP) is an open standard enabling AI systems to connect with external tools and real-time data sources.,LLM,https://www.walturn.com/insights/claude-mcp-a-new-standard-for-ai-integration,Claude MCP - Anthropic's Claude Model Context Protocol (MCP) is an open standard enabling AI systems to connect with external tools and real-time data sources.
MCP Server,What is MCP? Model Context Protocol (MCP) allows Claude and other AI assistants to access external tools and data sources through specialized servers.,LLM,https://docs.agent.ai/mcp-server,MCP Server - What is MCP? Model Context Protocol (MCP) allows Claude and other AI assistants to access external tools and data sources through specialized servers.
How to Connect Claude AI to a Remote MCP Server,"In this tutorial, we'll walk through how to connect Claude AI to a remote MCP server, using examples like managing Jira tickets with Atlassian and automating ...",LLM,https://apidog.com/blog/claude-ai-remote-mcp-server/,"How to Connect Claude AI to a Remote MCP Server - In this tutorial, we'll walk through how to connect Claude AI to a remote MCP server, using examples like managing Jira tickets with Atlassian and automating ..."
BeehiveInnovations/zen-mcp-server,The power of Claude Code + [Gemini / OpenAI / Grok / OpenRouter / Ollama / Custom Model / All Of The Above] working as one.,LLM,https://github.com/BeehiveInnovations/zen-mcp-server,BeehiveInnovations/zen-mcp-server - The power of Claude Code + [Gemini / OpenAI / Grok / OpenRouter / Ollama / Custom Model / All Of The Above] working as one.
Using LangChain With Model Context Protocol (MCP),"The Model Context Protocol (MCP) is an open-source protocol developed by Anthropic, focusing on safe and interpretable Generative AI systems.",General MCP,https://cobusgreyling.medium.com/using-langchain-with-model-context-protocol-mcp-e89b87ee3c4c,"Using LangChain With Model Context Protocol (MCP) - The Model Context Protocol (MCP) is an open-source protocol developed by Anthropic, focusing on safe and interpretable Generative AI systems."
langchain-ai/langchain-mcp-adapters,LangChain üîå MCP,General MCP,https://github.com/langchain-ai/langchain-mcp-adapters,langchain-ai/langchain-mcp-adapters - LangChain üîå MCP
MCP Server - Docs by LangChain,"To connect to an MCP server which requires authentication, you should set NEXT_PUBLIC_MCP_AUTH_REQUIRED=true . The way MCP authentication works is as follows: ...",General MCP,https://docs.langchain.com/labs/oap/setup/mcp-server,"MCP Server - Docs by LangChain - To connect to an MCP server which requires authentication, you should set NEXT_PUBLIC_MCP_AUTH_REQUIRED=true . The way MCP authentication works is as follows: ..."
Use MCP - GitHub Pages,The langchain-mcp-adapters package enables agents to use tools defined across one or more MCP servers. In an agent In a workflow. Agent using tools defined on ...,General MCP,https://langchain-ai.github.io/langgraph/agents/mcp/,Use MCP - GitHub Pages - The langchain-mcp-adapters package enables agents to use tools defined across one or more MCP servers. In an agent In a workflow. Agent using tools defined on ...
MCP Adapters for LangChain and LangGraph,The LangChain MCP Adapters is a package that makes it easy to use Anthropic Model Context Protocol (MCP) tools with LangChain & LangGraph.,General MCP,https://changelog.langchain.com/announcements/mcp-adapters-for-langchain-and-langgraph,MCP Adapters for LangChain and LangGraph - The LangChain MCP Adapters is a package that makes it easy to use Anthropic Model Context Protocol (MCP) tools with LangChain & LangGraph.
Use MCP - Docs by LangChain,Use MCP tools. The langchain-mcp-adapters package enables agents to use tools defined across one or more MCP servers.,General MCP,https://docs.langchain.com/oss/python/use-mcp,Use MCP - Docs by LangChain - Use MCP tools. The langchain-mcp-adapters package enables agents to use tools defined across one or more MCP servers.
"I Tried to Use Langchain with MCP Servers, Here're the ...","This comprehensive tutorial will guide you through implementing MCP with LangChain, providing you with the knowledge to create sophisticated applications.",General MCP,https://apidog.com/blog/langchain-mcp-server/,"I Tried to Use Langchain with MCP Servers, Here're the ... - This comprehensive tutorial will guide you through implementing MCP with LangChain, providing you with the knowledge to create sophisticated applications."
MCPs + LangChain + FastAPI,"This example demonstrates a LangChain-based agent interacting with an MCP server using stdio transport. The agent operates in a loop, allowing ...",General MCP,https://medium.com/@andres.tellez/mcps-langchain-from-zero-to-hero-ae3149d83c3d,"MCPs + LangChain + FastAPI - This example demonstrates a LangChain-based agent interacting with an MCP server using stdio transport. The agent operates in a loop, allowing ..."
LangChain MCP Adapter,"The LangChain MCP adapter lets agents connect to any server that follows the Model Context Protocol, including Composio's managed MCP server.",General MCP,https://composio.dev/blog/langchain-mcp-adapter-a-step-by-step-guide-to-build-mcp-agents,"LangChain MCP Adapter - The LangChain MCP adapter lets agents connect to any server that follows the Model Context Protocol, including Composio's managed MCP server."
How to Create an MCP Client Server Using LangChain,"This guide provides a clear, beginner-friendly walkthrough for creating an MCP client server using LangChain.",General MCP,https://www.analyticsvidhya.com/blog/2025/04/mcp-client-server-using-langchain/,"How to Create an MCP Client Server Using LangChain - This guide provides a clear, beginner-friendly walkthrough for creating an MCP client server using LangChain."
MCP,But we also know: MCP has tool definitions - and the good MCP servers will probably have better tool descriptions than you would write quickly.,General MCP,https://blog.langchain.com/mcp-fad-or-fixture/,MCP - But we also know: MCP has tool definitions - and the good MCP servers will probably have better tool descriptions than you would write quickly.
langchain-mcp-tools,This package is intended to simplify the use of Model Context Protocol (MCP) server tools with LangChain / Python.,General MCP,https://pypi.org/project/langchain-mcp-tools/,langchain-mcp-tools - This package is intended to simplify the use of Model Context Protocol (MCP) server tools with LangChain / Python.
MCP with streamable HTTP transport,You can now connect LangGraph agents to remote MCP servers reliably via the new recommended transport - streamable HTTP.,General MCP,https://changelog.langchain.com/announcements/mcp-with-streamable-http-transport,MCP with streamable HTTP transport - You can now connect LangGraph agents to remote MCP servers reliably via the new recommended transport - streamable HTTP.
LangChain Model Context Protocol (MCP) Adapters,"This module provides the MultiServerMCPClient class for managing connections to multiple MCP servers and loading tools, prompts, and resources from them.",General MCP,https://langchain-ai.github.io/langgraph/reference/mcp/,"LangChain Model Context Protocol (MCP) Adapters - This module provides the MultiServerMCPClient class for managing connections to multiple MCP servers and loading tools, prompts, and resources from them."
Docker MCP Catalog and Toolkit,"The MCP Catalog gives you a curated set of trusted servers to get started fast. Connect MCP servers to clients like Docker AI Agent, Claude, Cursor, VS Code, ...",LLM,https://www.docker.com/products/mcp-catalog-and-toolkit/,"Docker MCP Catalog and Toolkit - The MCP Catalog gives you a curated set of trusted servers to get started fast. Connect MCP servers to clients like Docker AI Agent, Claude, Cursor, VS Code, ..."
"Docker MCP Catalog | Discover Secure, Top MCP Servers","A Model Context Protocol (MCP) server that provides web search capabilities through DuckDuckGo, with additional features for content fetching and parsing.",DevOps,https://hub.docker.com/mcp,"Docker MCP Catalog | Discover Secure, Top MCP Servers - A Model Context Protocol (MCP) server that provides web search capabilities through DuckDuckGo, with additional features for content fetching and parsing."
Introducing Docker Hub MCP Server,"The Docker Hub MCP Server is an MCP server that interfaces with Docker Hub APIs to make them accessible to LLMs, enabling intelligent content discovery and ...",LLM,https://www.docker.com/blog/introducing-docker-hub-mcp-server/,"Introducing Docker Hub MCP Server - The Docker Hub MCP Server is an MCP server that interfaces with Docker Hub APIs to make them accessible to LLMs, enabling intelligent content discovery and ..."
Run MCP Servers In Seconds With Docker,"With Docker MCP Toolkit, with a single click of a button from Docker Desktop, we can spin MCP servers in seconds and connect to our favourite client.",DevOps,https://dev.to/pradumnasaraf/run-mcp-servers-in-seconds-with-docker-1ik5,"Run MCP Servers In Seconds With Docker - With Docker MCP Toolkit, with a single click of a button from Docker Desktop, we can spin MCP servers in seconds and connect to our favourite client."
mcp | Docker Hub,"Discover official Docker images from mcp, a Verified Publisher on Docker Hub. Visit their profile and explore images they maintain.",DevOps,https://hub.docker.com/u/mcp,"mcp | Docker Hub - Discover official Docker images from mcp, a Verified Publisher on Docker Hub. Visit their profile and explore images they maintain."
How to Run MCP Servers with Docker,Docker is also back to help us with spinning up MCP servers inside Docker containers. Let's review a few examples of those.,DevOps,https://snyk.io/articles/how-to-run-mcp-servers-with-docker/,How to Run MCP Servers with Docker - Docker is also back to help us with spinning up MCP servers inside Docker containers. Let's review a few examples of those.
QuantGeekDev/docker-mcp,A docker MCP Server (modelcontextprotocol),DevOps,https://github.com/QuantGeekDev/docker-mcp,QuantGeekDev/docker-mcp - A docker MCP Server (modelcontextprotocol)
How to build and deliver an MCP server for production,A much better approach is to simply use one MCP server: Docker. This MCP server acts as a gateway into a dynamic set of containerized tools.,DevOps,https://www.docker.com/blog/build-to-prod-mcp-servers-with-docker/,How to build and deliver an MCP server for production - A much better approach is to simply use one MCP server: Docker. This MCP server acts as a gateway into a dynamic set of containerized tools.
Discover and Run Secure MCP Servers,"We're excited to share major updates to the Docker MCP Catalog, including enhanced discovery features and our new open submission process.",DevOps,https://www.docker.com/blog/docker-mcp-catalog-secure-way-to-discover-and-run-mcp-servers/,"Discover and Run Secure MCP Servers - We're excited to share major updates to the Docker MCP Catalog, including enhanced discovery features and our new open submission process."
A MCP Server for Docker Management,"docker-mcp, a Model Context Protocol server that allows MCP protocol clients to use Docker container and compose stack management.",DevOps,https://www.reddit.com/r/docker/comments/1h6yxwf/introducing_dockermcp_a_mcp_server_for_docker/,"A MCP Server for Docker Management - docker-mcp, a Model Context Protocol server that allows MCP protocol clients to use Docker container and compose stack management."
Model Context Protocol (MCP),Model Context Protocol (MCP) is an open protocol that standardizes how applications provide context and additional functionality to large language models.,General MCP,https://docs.docker.com/ai/gordon/mcp/,Model Context Protocol (MCP) - Model Context Protocol (MCP) is an open protocol that standardizes how applications provide context and additional functionality to large language models.
How do I run multiple MCP servers in the same Docker ...,The right way to do it is tool registration - FastMCP supports composing multiple servers together using import_server (static copy) and mount (live link).,DevOps,https://www.reddit.com/r/mcp/comments/1kmf6f4/how_do_i_run_multiple_mcp_servers_in_the_same/,How do I run multiple MCP servers in the same Docker ... - The right way to do it is tool registration - FastMCP supports composing multiple servers together using import_server (static copy) and mount (live link).
MCP on Docker,The MCP Server configuration file is located in the plugins/anythingllm_mcp_servers.json file in the AnythingLLM storage directory.. The ...,LLM,https://docs.anythingllm.com/mcp-compatibility/docker,MCP on Docker - The MCP Server configuration file is located in the plugins/anythingllm_mcp_servers.json file in the AnythingLLM storage directory.. The ...
Docker Compose MCP server for AI agents - Playbooks,"Docker MCP is a server that allows you to manage Docker containers using natural language instructions. It enables you to create, configure, and manage Docker ...",DevOps,https://playbooks.com/mcp/ckreiling-mcp-server-docker,"Docker Compose MCP server for AI agents - Playbooks - Docker MCP is a server that allows you to manage Docker containers using natural language instructions. It enables you to create, configure, and manage Docker ..."
Dynamic and scalable MCP Server infrastructure in docker,I want to create a dynamic and scalable MCP infrastructure. The goal is to have a MCP Server and add MCP Tools dynamically.,DevOps,https://stackoverflow.com/questions/79695735/dynamic-and-scalable-mcp-server-infrastructure-in-docker,Dynamic and scalable MCP Server infrastructure in docker - I want to create a dynamic and scalable MCP infrastructure. The goal is to have a MCP Server and add MCP Tools dynamically.
Notion MCP ‚Äì Connect Notion to your favorite AI tools,Notion MCP is our hosted server that gives AI tools secure access to your Notion workspace. It's designed to work seamlessly with popular AI assistants like ...,Productivity,https://developers.notion.com/docs/mcp,Notion MCP ‚Äì Connect Notion to your favorite AI tools - Notion MCP is our hosted server that gives AI tools secure access to your Notion workspace. It's designed to work seamlessly with popular AI assistants like ...
makenotion/notion-mcp-server,Official Notion MCP Server,Productivity,https://github.com/makenotion/notion-mcp-server,makenotion/notion-mcp-server - Official Notion MCP Server
Connecting to Notion MCP,"This guide explains how to connect an AI tool to Notion using the Model Context Protocol (MCP) through Notion's app or the AI tool's directory, allowing the ...",Productivity,https://developers.notion.com/docs/get-started-with-mcp,"Connecting to Notion MCP - This guide explains how to connect an AI tool to Notion using the Model Context Protocol (MCP) through Notion's app or the AI tool's directory, allowing the ..."
Notion's hosted MCP server,"We've built a code-generation pipeline for Notion's hosted MCP server, converting our generated OpenAPI schemas to Zod and plumbing those into the hosted MCP ...",Productivity,https://www.notion.com/blog/notions-hosted-mcp-server-an-inside-look,"Notion's hosted MCP server - We've built a code-generation pipeline for Notion's hosted MCP server, converting our generated OpenAPI schemas to Zod and plumbing those into the hosted MCP ..."
suekou/mcp-notion-server,"MCP Server for the Notion API, enabling LLM to interact with Notion workspaces. Additionally, it employs Markdown conversion to reduce context size.",LLM,https://github.com/suekou/mcp-notion-server,"suekou/mcp-notion-server - MCP Server for the Notion API, enabling LLM to interact with Notion workspaces. Additionally, it employs Markdown conversion to reduce context size."
Notion MCP Server,Notion MCP Server is an implementation of the MCP that allows AI assistants to interact directly with your Notion pages and databases!,Database,https://www.reddit.com/r/Notion/comments/1ji6a2m/notion_mcp_server_now_with_full_database_support/,Notion MCP Server - Notion MCP Server is an implementation of the MCP that allows AI assistants to interact directly with your Notion pages and databases!
notion-mcp-server,Notion MCP Server is a Model Context Protocol (MCP) server implementation that enables AI assistants to interact with Notion's API. This production-ready server ...,Productivity,https://glama.ai/mcp/servers/@awkoy/notion-mcp-server,notion-mcp-server - Notion MCP Server is a Model Context Protocol (MCP) server implementation that enables AI assistants to interact with Notion's API. This production-ready server ...
notionhq/notion-mcp-server,This project implements an MCP server for the Notion API. mcp-demo Installation 1. Setting up Integration in Notion: Go to https://www.notion.so/profile/ ...,Productivity,https://www.npmjs.com/package/@notionhq/notion-mcp-server,notionhq/notion-mcp-server - This project implements an MCP server for the Notion API. mcp-demo Installation 1. Setting up Integration in Notion: Go to https://www.notion.so/profile/ ...
Hosting a local MCP server,"The notion-mcp-server package is an open-source implementation for running your own MCP server, offering more control and customization compared to Notion's ...",Productivity,https://developers.notion.com/docs/hosting-open-source-mcp,"Hosting a local MCP server - The notion-mcp-server package is an open-source implementation for running your own MCP server, offering more control and customization compared to Notion's ..."
How to Setup Notion MCP Servers for AI Note-taking ...,"This guide will walk you through the complete process of setting up your own Notion MCP server, from initial configuration to practical use cases.",Productivity,https://apidog.com/blog/notion-mcp-server/,"How to Setup Notion MCP Servers for AI Note-taking ... - This guide will walk you through the complete process of setting up your own Notion MCP server, from initial configuration to practical use cases."
Notion MCP ‚Äì Supported tools,"The document explains how AI assistants can utilize Notion MCP tools to efficiently create, search, and manage content within a Notion workspace by using ...",Productivity,https://developers.notion.com/docs/mcp-supported-tools,"Notion MCP ‚Äì Supported tools - The document explains how AI assistants can utilize Notion MCP tools to efficiently create, search, and manage content within a Notion workspace by using ..."
Notion MCP Server,"Notion-MCP is a server solution that enhances Notion's functionality, offering improved performance, reliability, and customization options.",Productivity,https://www.claudemcp.com/servers/notion-mcp-server,"Notion MCP Server - Notion-MCP is a server solution that enhances Notion's functionality, offering improved performance, reliability, and customization options."
notion-mcp MCP Server,A simple Model Context Protocol (MCP) server that integrates with Notion's API to manage my personal todo list. SiliconFlow ...,Productivity,https://mcp.so/server/notion-mcp,notion-mcp MCP Server - A simple Model Context Protocol (MCP) server that integrates with Notion's API to manage my personal todo list. SiliconFlow ...
How to Connect Your OWL Agent to Notion via the MCP ...,"In this post, we'll walk through how to connect a CAMEL-AI agent (using OWL) to Notion using the official Notion Model Context Protocol Server.",Productivity,https://www.camel-ai.org/blogs/connect-your-owl-agent-to-notion-via-the-mcp-server,"How to Connect Your OWL Agent to Notion via the MCP ... - In this post, we'll walk through how to connect a CAMEL-AI agent (using OWL) to Notion using the official Notion Model Context Protocol Server."
Notion MCP Server - Questions,Is there a Notion.so n8n community MCP Node available? Can someone use this https://mcpmarket.com/server/systemprompt-notion and convert to be imported in n8n ...,Productivity,https://community.n8n.io/t/notion-mcp-server/100367,Notion MCP Server - Questions - Is there a Notion.so n8n community MCP Node available? Can someone use this https://mcpmarket.com/server/systemprompt-notion and convert to be imported in n8n ...
How to effectively use Notion MCP Server with Cursor and ...,How to Set Up Notion MCP Server ¬∑ Step 1: Connect Your Notion Account ¬∑ Step 2: Give a Unique Name to the Server ¬∑ Step 3: Choose which actions ...,Productivity,https://composio.dev/blog/how-to-effectively-use-notion-mcp-server-with-cursor-and-claude-for-note-taking,How to effectively use Notion MCP Server with Cursor and ... - How to Set Up Notion MCP Server ¬∑ Step 1: Connect Your Notion Account ¬∑ Step 2: Give a Unique Name to the Server ¬∑ Step 3: Choose which actions ...
korotovsky/slack-mcp-server,"The most powerful MCP Slack Server with no permission requirements, Apps support, multiple transports Stdio and SSE, DMs, Group DMs and smart history fetch logic.",Productivity,https://github.com/korotovsky/slack-mcp-server,"korotovsky/slack-mcp-server - The most powerful MCP Slack Server with no permission requirements, Apps support, multiple transports Stdio and SSE, DMs, Group DMs and smart history fetch logic."
How to Use Slack MCP Server Effortlessly,The Slack Model Context Protocol (MCP) Server provides a seamless way to integrate AI assistants like Claude into your Slack workspace.,LLM,https://apidog.com/blog/slack-mcp-server/,How to Use Slack MCP Server Effortlessly - The Slack Model Context Protocol (MCP) Server provides a seamless way to integrate AI assistants like Claude into your Slack workspace.
Slack MCP,This MCP server integrates Slack with Claude perfectly and you don't even need to create and add bots or apps to the workspace.,LLM,https://www.reddit.com/r/ClaudeAI/comments/1ju62zf/slack_mcp_connect_slack_to_ai/,Slack MCP - This MCP server integrates Slack with Claude perfectly and you don't even need to create and add bots or apps to the workspace.
Instantly Connect Your Slack AI Agent with MCP,Boost your Slack AI agent's capability using Model Context Protocol (MCP). Integrate instantly with 2500+ apps for smarter workflows and automated tasks.,Productivity,https://runbear.io/solutions/integrations/slack/mcp,Instantly Connect Your Slack AI Agent with MCP - Boost your Slack AI agent's capability using Model Context Protocol (MCP). Integrate instantly with 2500+ apps for smarter workflows and automated tasks.
Slack - MCP Server,"Installation Steps. Open Cursor Settings. Navigate to Cursor Settings > Features > MCP; Click the ""+ Add New MCP Server"" button.",Productivity,https://cursor.directory/mcp/slack,"Slack - MCP Server - Installation Steps. Open Cursor Settings. Navigate to Cursor Settings > Features > MCP; Click the ""+ Add New MCP Server"" button."
How to use Slack MCP server with Claude flawlessly,"Slack MCP is a secure integration that connects your Slack workspace to MCP clients, such as Claude and Cursor. It gives large language models ...",LLM,https://composio.dev/blog/how-to-use-slack-mcp-server-with-claude-flawlessly,"How to use Slack MCP server with Claude flawlessly - Slack MCP is a secure integration that connects your Slack workspace to MCP clients, such as Claude and Cursor. It gives large language models ..."
Model Context Protocol(MCP) with ChatGPT and Slack ...,"This step-by-step guide with complete code, will show you how to build a Slack bot, connect it to ChatGPT using an MCP server, and use it to summarize hundreds ...",LLM,https://medium.com/@okekechimaobi/model-context-protocol-mcp-with-chatgpt-and-slack-a-productivity-bot-that-saves-time-by-3880b25a153a,"Model Context Protocol(MCP) with ChatGPT and Slack ... - This step-by-step guide with complete code, will show you how to build a Slack bot, connect it to ChatGPT using an MCP server, and use it to summarize hundreds ..."
Slack MCP Server - MCP AI,"Zapier Slack MCP lets you connect Slack's actions with any AI tool that supports MCP, all without managing integrations or writing glue code.",Productivity,https://zapier.com/mcp/slack,"Slack MCP Server - MCP AI - Zapier Slack MCP lets you connect Slack's actions with any AI tool that supports MCP, all without managing integrations or writing glue code."
slack-mcp-server,Feature-rich Model Context Protocol (MCP) server that lets LLM agents read/search/post Slack messages in both OAuth and totally permission-less stealth ...,LLM,https://www.augmentcode.com/mcp/slack-mcp-server,slack-mcp-server - Feature-rich Model Context Protocol (MCP) server that lets LLM agents read/search/post Slack messages in both OAuth and totally permission-less stealth ...
Slack MCP Server by Anthropic,"Integrates with Slack workspaces to enable channel management, messaging, thread interactions, reaction handling, and user information retrieval.",Productivity,https://www.pulsemcp.com/servers/slack,"Slack MCP Server by Anthropic - Integrates with Slack workspaces to enable channel management, messaging, thread interactions, reaction handling, and user information retrieval."
Slack MCP Server,"You need to create a Slack app, configure scopes, and install it in your workspace. Can Slack be integrated with other tools? Yes, Slack supports integration ...",Productivity,https://mcp.so/server/slack,"Slack MCP Server - You need to create a Slack app, configure scopes, and install it in your workspace. Can Slack be integrated with other tools? Yes, Slack supports integration ..."
Slack MCP server for AI agents - Playbooks,"The Slack MCP Server enables Claude to interact with Slack ... To add a global MCP server go to Cursor Settings > Tools & Integrations and click ""New MCP Server"".",LLM,https://playbooks.com/mcp/slack,"Slack MCP server for AI agents - Playbooks - The Slack MCP Server enables Claude to interact with Slack ... To add a global MCP server go to Cursor Settings > Tools & Integrations and click ""New MCP Server""."
Slack MCP Server,"A modern FastMCP server for Slack integration, built with FastMCP 2.8.0. Requires environment variables for Slack Bot Token and OpenAI API ...",Productivity,https://lobehub.com/mcp/bahakizil-slack_mcp_server,"Slack MCP Server - A modern FastMCP server for Slack integration, built with FastMCP 2.8.0. Requires environment variables for Slack Bot Token and OpenAI API ..."
mcp-slack,"This server provides tools for interacting with Slack, including sending messages, managing channels, and accessing workspace information.",Productivity,https://pypi.org/project/mcp-slack/,"mcp-slack - This server provides tools for interacting with Slack, including sending messages, managing channels, and accessing workspace information."
Slack MCP Server,"The Slack MCP Server enables AI assistants to interact with Slack's API through a standardized interface, providing tools for: Message Management: Post messages ...",Productivity,https://glama.ai/mcp/servers/@ubie-oss/slack-mcp-server,"Slack MCP Server - The Slack MCP Server enables AI assistants to interact with Slack's API through a standardized interface, providing tools for: Message Management: Post messages ..."
Extending GitHub Copilot Chat with the Model Context ...,"MCP servers can define preconfigured prompts for interacting with their tools. You can access these prompts in chat with slash commands, using the format /mcp.",LLM,https://docs.github.com/copilot/customizing-copilot/using-model-context-protocol/extending-copilot-chat-with-mcp,"Extending GitHub Copilot Chat with the Model Context ... - MCP servers can define preconfigured prompts for interacting with their tools. You can access these prompts in chat with slash commands, using the format /mcp."
Debugging UI with AI,Explore how I use agentic tools like GitHub Copilot agent mode and the Playwright MCP server to accelerate troubleshooting and debugging of UI issues.,General MCP,https://github.blog/ai-and-ml/github-copilot/debugging-ui-with-ai-github-copilot-agent-mode-meets-mcp-servers/,Debugging UI with AI - Explore how I use agentic tools like GitHub Copilot agent mode and the Playwright MCP server to accelerate troubleshooting and debugging of UI issues.
Copilot coding agent now supports remote MCP servers,"With GitHub Copilot coding agent, you can now configure and use remote Model Context Protocol (MCP) servers to expand the agent's context ...",General MCP,https://github.blog/changelog/2025-07-09-copilot-coding-agent-now-supports-remote-mcp-servers/,"Copilot coding agent now supports remote MCP servers - With GitHub Copilot coding agent, you can now configure and use remote Model Context Protocol (MCP) servers to expand the agent's context ..."
MCP -> GitHub Copilot,The Pieces MCP (Model Context Protocol) integration with GitHub Copilot allows you to leverage Pieces Long-Term Memory (LTM) directly within the Visual Studio ...,Productivity,https://docs.pieces.app/products/mcp/github-copilot,MCP -> GitHub Copilot - The Pieces MCP (Model Context Protocol) integration with GitHub Copilot allows you to leverage Pieces Long-Term Memory (LTM) directly within the Visual Studio ...
MCP Servers + Github Copilot chat. How to configure to ...,Hello. I have tried to use MCP servers in VS Code as part of copilot chat. I have got it working patrially but still usable to get normal ...,LLM,https://www.reddit.com/r/vscode/comments/1me0cjp/mcp_servers_github_copilot_chat_how_to_configure/,MCP Servers + Github Copilot chat. How to configure to ... - Hello. I have tried to use MCP servers in VS Code as part of copilot chat. I have got it working patrially but still usable to get normal ...
Supercharge VSCode GitHub Copilot using Model Context ...,"In this guide, we will focus on the GitHub MCP server, and walk you through the process of getting up and running in VSCode quickly.",General MCP,https://dev.to/pwd9000/supercharge-vscode-github-copilot-using-model-context-protocol-mcp-easy-setup-guide-371e,"Supercharge VSCode GitHub Copilot using Model Context ... - In this guide, we will focus on the GitHub MCP server, and walk you through the process of getting up and running in VSCode quickly."
[Step by Step] Using GitHub MCP Server with Copilot ...,"In this article, let's explore how to leverage the built-in GitHub MCP Server in Visual Studio Code using GitHub Copilot in Agent Mode.",General MCP,https://rajeevpentyala.com/2025/06/01/step-by-step-using-github-mcp-server-with-copilot-agent-in-vs-code/,"[Step by Step] Using GitHub MCP Server with Copilot ... - In this article, let's explore how to leverage the built-in GitHub MCP Server in Visual Studio Code using GitHub Copilot in Agent Mode."
Boosting Your Productivity with GitHub Copilot Agent Mode ...,Enter Github Copilot Agent Mode and MCP Servers: A New Paradigm. Github Copilot has introduced an agent mode for a couple of months now.,General MCP,https://medium.com/learnings-from-the-paas/boosting-your-productivity-with-github-copilot-agent-mode-using-jira-and-github-mcp-servers-88e923efe79a,Boosting Your Productivity with GitHub Copilot Agent Mode ... - Enter Github Copilot Agent Mode and MCP Servers: A New Paradigm. Github Copilot has introduced an agent mode for a couple of months now.
Let's Learn About MCP Together! - by Adriana Villela,"With MCP, an LLM (MCP client) accesses a service by communicating with an MCP server via the MCP protocol. The MCP server acts like an ...",LLM,https://medium.com/womenintechnology/lets-learn-about-mcp-together-be1601dc7a81,"Let's Learn About MCP Together! - by Adriana Villela - With MCP, an LLM (MCP client) accesses a service by communicating with an MCP server via the MCP protocol. The MCP server acts like an ..."
What is MCP and why you should pay attention | by,"MCP is a way of extending the functionality of an AI, in much the same way an app extends the functionality of a phone.",General MCP,https://waleedk.medium.com/what-is-mcp-and-why-you-should-pay-attention-31524da7733f,"What is MCP and why you should pay attention | by - MCP is a way of extending the functionality of an AI, in much the same way an app extends the functionality of a phone."
These 9 MCP Servers Improve AI Context (Reduce 99% ...,1. Context7 MCP ¬∑ 2. Memory Bank MCP Server ¬∑ 3. Knowledge Graph Memory Server ¬∑ 4. Filesystem MCP Server ¬∑ 5. GitMCP ¬∑ 6. Obsidian-MCP ¬∑ 7.,General MCP,https://medium.com/@joe.njenga/these-9-mcp-servers-improve-ai-context-reduce-99-code-errors-d2ba7acd9d94,These 9 MCP Servers Improve AI Context (Reduce 99% ... - 1. Context7 MCP ¬∑ 2. Memory Bank MCP Server ¬∑ 3. Knowledge Graph Memory Server ¬∑ 4. Filesystem MCP Server ¬∑ 5. GitMCP ¬∑ 6. Obsidian-MCP ¬∑ 7.
These MCP servers are amazing for coding | by Tari Ibaba,1. Sentry MCP Server ¬∑ 2. Sequential Thinking MCP Server ¬∑ 3. Git MCP servers ¬∑ 4. Puppeteer MCP Server ¬∑ 5. Firebase MCP Server. I tried using ...,General MCP,https://medium.com/coding-beauty/mcp-servers-479614e4b74c,These MCP servers are amazing for coding | by Tari Ibaba - 1. Sentry MCP Server ¬∑ 2. Sequential Thinking MCP Server ¬∑ 3. Git MCP servers ¬∑ 4. Puppeteer MCP Server ¬∑ 5. Firebase MCP Server. I tried using ...
Building an MCP server as an API developer | by Heeki Park,"I walk through the process by starting with core business logic, then building a local MCP server, and then deploying it as a remote MCP server using Amazon ...",General MCP,https://heeki.medium.com/building-an-mcp-server-as-an-api-developer-cfc162d06a83,"Building an MCP server as an API developer | by Heeki Park - I walk through the process by starting with core business logic, then building a local MCP server, and then deploying it as a remote MCP server using Amazon ..."
Gemini CLI Tutorial Series ‚Äî Part 5,"This tutorial will take you through how we configure MCP Servers in Gemini CLI, a few commands then within Gemini CLI to work with them.",General MCP,https://medium.com/google-cloud/gemini-cli-tutorial-series-part-5-github-mcp-server-b557ae449e6e,"Gemini CLI Tutorial Series ‚Äî Part 5 - This tutorial will take you through how we configure MCP Servers in Gemini CLI, a few commands then within Gemini CLI to work with them."
üß† I Used MCP for 3 months,MCP Servers usually act as a bridge between your tools and your LLM. For example: ‚Äî An MCP Server for Google Drive connects your files to the ...,LLM,https://medium.com/towards-artificial-intelligence/i-used-mcp-for-3-months-everything-you-need-to-know-24-best-servers-0c02f3915867,üß† I Used MCP for 3 months - MCP Servers usually act as a bridge between your tools and your LLM. For example: ‚Äî An MCP Server for Google Drive connects your files to the ...
MCP Explained,MCP Servers. An MCP server is like a smart adapter for a tool or app. It knows how to take a request from an AI (like ‚ÄúGet ...,General MCP,https://tutorials.botsfloor.com/mcp-explained-the-new-standard-connecting-ai-to-everything-79c5a1c98288,MCP Explained - MCP Servers. An MCP server is like a smart adapter for a tool or app. It knows how to take a request from an AI (like ‚ÄúGet ...
"üöÄTop 10 MCP Servers for 2025 (Yes, GitHub's Included!) ...",We'll explore the 10 most powerful MCP servers that are transforming development workflows in 2025. From automating GitHub tasks to enhancing team ...,General MCP,https://dev.to/fallon_jimmy/top-10-mcp-servers-for-2025-yes-githubs-included-15jg,"üöÄTop 10 MCP Servers for 2025 (Yes, GitHub's Included!) ... - We'll explore the 10 most powerful MCP servers that are transforming development workflows in 2025. From automating GitHub tasks to enhancing team ..."
MCP Servers That I Use as a Technical Founder,MCP Servers That I Use as a Technical Founder ¬∑ 1. Docker Hub MCP Server ¬∑ 2. GitHub MCP Server ¬∑ 3. Sliplane MCP Server ¬∑ 4. Dev.to MCP Server.,DevOps,https://dev.to/code42cate/mcp-servers-that-i-use-as-a-technical-founder-3ia6,MCP Servers That I Use as a Technical Founder - MCP Servers That I Use as a Technical Founder ¬∑ 1. Docker Hub MCP Server ¬∑ 2. GitHub MCP Server ¬∑ 3. Sliplane MCP Server ¬∑ 4. Dev.to MCP Server.
Building Your First MCP Server,"In this tutorial, you'll create a weather server that connects AI agents like GitHub Copilot to live weather data.",General MCP,https://dev.to/debs_obrien/building-your-first-mcp-server-a-beginners-tutorial-5fag,"Building Your First MCP Server - In this tutorial, you'll create a weather server that connects AI agents like GitHub Copilot to live weather data."
My 2025 Roundup of Must-Know MCP Servers,"What I love about MCP is how it standardizes the way different tools APIs, databases, cloud services connect with AI agents and developer ...",Database,https://dev.to/therealmrmumba/my-2025-roundup-of-must-know-mcp-services-3146,"My 2025 Roundup of Must-Know MCP Servers - What I love about MCP is how it standardizes the way different tools APIs, databases, cloud services connect with AI agents and developer ..."
My Favorite MCP Directories,"If you're working with Model Context Protocol, you'll need MCP servers for different types of data ‚Äî IDEs, calendars, docs, databases, etc.",Database,https://dev.to/techgirl1908/my-favorite-mcp-directories-573n,"My Favorite MCP Directories - If you're working with Model Context Protocol, you'll need MCP servers for different types of data ‚Äî IDEs, calendars, docs, databases, etc."
MCP Server,"An MCP server is an open, standardized interface that enables AI models (like GitHub Copilot, Claude, or custom LLMs) to interact with external ...",LLM,https://dev.to/samira_talebi_cca34ce28b8/mcp-server-powring-ai-driven-workflows-52i7,"MCP Server - An MCP server is an open, standardized interface that enables AI models (like GitHub Copilot, Claude, or custom LLMs) to interact with external ..."
My Personal Top MCP Servers ‚Äî The Ultimate List,"MCP servers are like plugins for Cursor that give it superpowers. Instead of constantly switching between your browser, docs, and editor, everything just works ...",General MCP,https://dev.to/freeman_nomad/my-personal-top-mcp-servers-the-ultimate-list-1p37,"My Personal Top MCP Servers ‚Äî The Ultimate List - MCP servers are like plugins for Cursor that give it superpowers. Instead of constantly switching between your browser, docs, and editor, everything just works ..."
Understanding MCP Servers,"An MCP server is a specialized server that implements the Model Context Protocol, designed to enhance interactions with LLMs by managing contextual information ...",LLM,https://dev.to/jorgecontreras/understanding-mcp-servers-the-model-context-protocol-explained-150j,"Understanding MCP Servers - An MCP server is a specialized server that implements the Model Context Protocol, designed to enhance interactions with LLMs by managing contextual information ..."
Who are your MCP servers talking to?,ToolHive's permission profiles let you precisely define network rules for each MCP server. Here's a quick walkthrough of some common use cases.,General MCP,https://dev.to/stacklok/who-are-your-mcp-servers-talking-to-1m5e,Who are your MCP servers talking to? - ToolHive's permission profiles let you precisely define network rules for each MCP server. Here's a quick walkthrough of some common use cases.
Securing MCP Servers,The term MCP (Model Context Protocol) was first introduced by Anthropic in November 2024 as an open standard and open-source framework.,General MCP,https://dev.to/aws-builders/securing-mcp-servers-3knf,Securing MCP Servers - The term MCP (Model Context Protocol) was first introduced by Anthropic in November 2024 as an open standard and open-source framework.
Building and Using MCP Servers in Amazon Q CLI,"What is an MCP server? Even if you know that MCP stands for Model Context Protocol, that's no that obvious to understand or see the benefits ...",General MCP,https://dev.to/welcloud-io/building-and-using-mcp-servers-in-amazon-q-cli-3im,"Building and Using MCP Servers in Amazon Q CLI - What is an MCP server? Even if you know that MCP stands for Model Context Protocol, that's no that obvious to understand or see the benefits ..."
Visual Studio Code + Model Context Protocol (MCP) Servers,"This post is going to have a look and set up MCP servers such as @modelcontextprotocol/server-filesystem, Custom MCP server with .NET SDK, and @ ...",General MCP,https://dev.to/thangchung/visual-studio-code-model-context-protocol-mcp-servers-the-first-look-18nb,"Visual Studio Code + Model Context Protocol (MCP) Servers - This post is going to have a look and set up MCP servers such as @modelcontextprotocol/server-filesystem, Custom MCP server with .NET SDK, and @ ..."
MCP Servers for Agentic Dev Platforms,"We will cover how you can run MCP servers on Kubernetes. With such a setup, you can use them for different use cases and allow your developers to connect to ...",General MCP,https://dev.to/cyclops-ui/mcp-servers-for-agentic-dev-platforms-3ja9,"MCP Servers for Agentic Dev Platforms - We will cover how you can run MCP servers on Kubernetes. With such a setup, you can use them for different use cases and allow your developers to connect to ..."
Introducing Model Context Protocol (MCP) Server for ...,Introducing Couchbase MCP Server: an open-source solution to power AI agents and GenAI apps with real-time access to your Couchbase data.,General MCP,https://dev.to/couchbase/introducing-model-context-protocol-mcp-server-for-couchbase-3o5p,Introducing Model Context Protocol (MCP) Server for ... - Introducing Couchbase MCP Server: an open-source solution to power AI agents and GenAI apps with real-time access to your Couchbase data.
Creating an MCP Server Using Go,MCP is an open protocol that standardizes how applications provide context to LLMs. Think of MCP as a USB-C port for AI applications.,LLM,https://dev.to/eminetto/creating-an-mcp-server-using-go-3foe,Creating an MCP Server Using Go - MCP is an open protocol that standardizes how applications provide context to LLMs. Think of MCP as a USB-C port for AI applications.
8 MCP Servers Every Developer Should Try!,8 MCP Servers You Should Know ¬∑ 1. Slack MCP Server ¬∑ 2. GitHub MCP Server ¬∑ 3. Brave Search MCP Server ¬∑ 4. Docker MCP Server ¬∑ 5. SingleStore ...,DevOps,https://dev.to/pavanbelagatti/model-context-protocol-mcp-8-mcp-servers-every-developer-should-try-5hm2,8 MCP Servers Every Developer Should Try! - 8 MCP Servers You Should Know ¬∑ 1. Slack MCP Server ¬∑ 2. GitHub MCP Server ¬∑ 3. Brave Search MCP Server ¬∑ 4. Docker MCP Server ¬∑ 5. SingleStore ...
Connecting 100+ MCP Servers to Vs Code in 5 Easy Steps,Connect VS Code to MCP Servers in 5 Steps! ¬∑ 1. Prerequires ¬∑ 2. Enable MCP in VS Code ¬∑ 3. Add Local MCP Servers to VS Code ¬∑ 4. Add Hosted MCP ...,General MCP,https://dev.to/composiodev/connecting-100-mcp-servers-to-vs-code-in-5-easy-steps-1d4k,Connecting 100+ MCP Servers to Vs Code in 5 Easy Steps - Connect VS Code to MCP Servers in 5 Steps! ¬∑ 1. Prerequires ¬∑ 2. Enable MCP in VS Code ¬∑ 3. Add Local MCP Servers to VS Code ¬∑ 4. Add Hosted MCP ...
Top 7 MCP Clients for AI Tooling,"MCP servers are lightweight programs or APIs that expose real-world tools like databases, file systems, or web services to AI models. They act ...",Database,https://www.kdnuggets.com/top-7-mcp-clients-for-ai-tooling,"Top 7 MCP Clients for AI Tooling - MCP servers are lightweight programs or APIs that expose real-world tools like databases, file systems, or web services to AI models. They act ..."
Building A Simple MCP Server,"In this tutorial, we will build our own MCP server using the Yahoo Finance Python API to fetch real-time stock prices, compare them, and provide historical ...",General MCP,https://www.kdnuggets.com/building-a-simple-mcp-server,"Building A Simple MCP Server - In this tutorial, we will build our own MCP server using the Yahoo Finance Python API to fetch real-time stock prices, compare them, and provide historical ..."
Control Your Spotify Playlist with an MCP Server,"This step-by-step guide will teach you how to install the application, set up the Spotify API, clone Spotify MCP server, and seamlessly integrate it into ...",General MCP,https://www.kdnuggets.com/control-spotify-playlist-with-mcp-server,"Control Your Spotify Playlist with an MCP Server - This step-by-step guide will teach you how to install the application, set up the Spotify API, clone Spotify MCP server, and seamlessly integrate it into ..."
Building AI Agents? A2A vs. MCP Explained Simply,MCP is an open standard protocol (launched by Anthropic) that lets LLM-based applications access external data and tools in a uniform way. It ...,LLM,https://www.kdnuggets.com/building-ai-agents-a2a-vs-mcp-explained-simply,Building AI Agents? A2A vs. MCP Explained Simply - MCP is an open standard protocol (launched by Anthropic) that lets LLM-based applications access external data and tools in a uniform way. It ...
10 GitHub Repositories for Mastering Agents and MCPs,"In this article, we will review ten GitHub repositories that can help you learn the basics of AI agents and guide you in building agent-based applications.",General MCP,https://www.kdnuggets.com/10-github-repositories-for-mastering-agents-and-mcps,"10 GitHub Repositories for Mastering Agents and MCPs - In this article, we will review ten GitHub repositories that can help you learn the basics of AI agents and guide you in building agent-based applications."
‚öîÔ∏è RAG vs MCP vs Agents explained,The network effect creates automatic functionality sharing as more MCP servers emerge. MCP follows the pattern of protocols repurposed beyond ...,General MCP,https://ai-report.kdnuggets.com/p/rag-vs-mcp-vs-agents-explained,‚öîÔ∏è RAG vs MCP vs Agents explained - The network effect creates automatic functionality sharing as more MCP servers emerge. MCP follows the pattern of protocols repurposed beyond ...
Building an MCP Server and Client with FastMCP 2.0,FastMCP 2.0 is an open-source Python framework designed to make building Model Context Protocol (MCP) servers and clients both simple and ...,General MCP,https://www.datacamp.com/tutorial/building-mcp-server-client-fastmcp,Building an MCP Server and Client with FastMCP 2.0 - FastMCP 2.0 is an open-source Python framework designed to make building Model Context Protocol (MCP) servers and clients both simple and ...
Gradio MCP Server Guide,"A step-by-step tutorial on building, testing, deploying, and integrating a Gradio MCP server with Tavily, Hugging Face Spaces, Cursor AI and Claude Desktop.",LLM,https://www.datacamp.com/tutorial/gradio-mcp-server-guide,"Gradio MCP Server Guide - A step-by-step tutorial on building, testing, deploying, and integrating a Gradio MCP server with Tavily, Hugging Face Spaces, Cursor AI and Claude Desktop."
"What are MCP servers exactly, what market are they ...",An MCP server is no more or less insecure than any other API which uses access tokens; the risks around that are well understood and have ...,General MCP,https://www.reddit.com/r/AskProgramming/comments/1lp0ncu/what_are_mcp_servers_exactly_what_market_are_they/,"What are MCP servers exactly, what market are they ... - An MCP server is no more or less insecure than any other API which uses access tokens; the risks around that are well understood and have ..."
My 5 most useful MCP servers,I thought to share my top 5 most useful MCP servers that I'm using daily-weekly: Context7: Make my AI-coding agents incredibly smarter.,General MCP,https://www.reddit.com/r/mcp/comments/1m59pk0/my_5_most_useful_mcp_servers/,My 5 most useful MCP servers - I thought to share my top 5 most useful MCP servers that I'm using daily-weekly: Context7: Make my AI-coding agents incredibly smarter.
What MCP servers do you really use?,The best one that I have personally used is context7. I connect Claude Code up with context7 while vibe coding. This MCP server gives the AI ...,LLM,https://www.reddit.com/r/AI_Agents/comments/1lmzm2k/what_mcp_servers_do_you_really_use/,What MCP servers do you really use? - The best one that I have personally used is context7. I connect Claude Code up with context7 while vibe coding. This MCP server gives the AI ...
Found an awesome repo listing more than 2000+ MCP ...,"MCP server for arXiv.org - Search, analyze, and export academic papers with AI assistants. Features advanced paper discovery, citation analysis, ...",General MCP,https://www.reddit.com/r/LocalLLaMA/comments/1jromm0/found_an_awesome_repo_listing_more_than_2000_mcp/,"Found an awesome repo listing more than 2000+ MCP ... - MCP server for arXiv.org - Search, analyze, and export academic papers with AI assistants. Features advanced paper discovery, citation analysis, ..."
Model Context Protocol (MCP),"Each MCP server adds ~200 tokens to context. 15 servers = 3000 extra tokens per conversation. At $3/million tokens, that's ~$0.01 per conversation just for tool ...",General MCP,https://www.reddit.com/r/mcp/,"Model Context Protocol (MCP) - Each MCP server adds ~200 tokens to context. 15 servers = 3000 extra tokens per conversation. At $3/million tokens, that's ~$0.01 per conversation just for tool ..."
I Found a collection 300+ MCP servers!,I've been diving into MCP lately and came across this awesome GitHub repo. It's a curated collection of 300+ MCP servers built for AI agents ...,General MCP,https://www.reddit.com/r/LLMDevs/comments/1ju3ty7/i_found_a_collection_300_mcp_servers/,I Found a collection 300+ MCP servers! - I've been diving into MCP lately and came across this awesome GitHub repo. It's a curated collection of 300+ MCP servers built for AI agents ...
List of official MCP servers,Apikeyhub.com has a growing directory list of MCPs and APIs. Might find it useful. Over 100 MCPs. Over 1200 APIs. Hope this helps.,General MCP,https://www.reddit.com/r/mcp/comments/1l8lst2/list_of_official_mcp_servers/,List of official MCP servers - Apikeyhub.com has a growing directory list of MCPs and APIs. Might find it useful. Over 100 MCPs. Over 1200 APIs. Hope this helps.
I Found a collection 300+ MCP servers!,I've been diving into MCP lately and came across this awesome GitHub repo. It's a curated collection of 300+ MCP servers built for AI agents.,General MCP,https://www.reddit.com/r/mcp/comments/1ju3uva/i_found_a_collection_300_mcp_servers/,I Found a collection 300+ MCP servers! - I've been diving into MCP lately and came across this awesome GitHub repo. It's a curated collection of 300+ MCP servers built for AI agents.
Still Confused About How MCP Works? Here's the ...,"While it's cool to add pre-built MCP servers from github, what is mind-blowing is when you can create them on the fly. I gave Cline an API key ...",General MCP,https://www.reddit.com/r/ClaudeAI/comments/1ioxu5r/still_confused_about_how_mcp_works_heres_the/,"Still Confused About How MCP Works? Here's the ... - While it's cool to add pre-built MCP servers from github, what is mind-blowing is when you can create them on the fly. I gave Cline an API key ..."
List of official mcp servers?,"This catalogue lists official MCP servers (ie developed by companies that offer services - like Atlassian, GitHub, etc.)",General MCP,https://www.reddit.com/r/mcp/comments/1kg4ot4/list_of_official_mcp_servers/,"List of official mcp servers? - This catalogue lists official MCP servers (ie developed by companies that offer services - like Atlassian, GitHub, etc.)"
Build a MCP Server in 5 minutes,"The first TypeScript framework specifically for MCP Servers. No more boilerplate hell, no more reinventing the wheel. Just clean, fast server development.",General MCP,https://www.reddit.com/r/modelcontextprotocol/comments/1haty19/introducing_mcpframework_build_a_mcp_server_in_5/,"Build a MCP Server in 5 minutes - The first TypeScript framework specifically for MCP Servers. No more boilerplate hell, no more reinventing the wheel. Just clean, fast server development."
Everything I learned building a remote MCP server,"It covers authentication, OAuth authorization, session management, troubleshooting and all the steps you need to pair with the major LLM apps.",LLM,https://www.reddit.com/r/mcp/comments/1ksncf3/how_to_mcp_everything_i_learned_building_a_remote/,"Everything I learned building a remote MCP server - It covers authentication, OAuth authorization, session management, troubleshooting and all the steps you need to pair with the major LLM apps."
Do people really use MCP server/service?,Read about why MCP even exists ‚Äî generally it provides a common protocol for giving access to a source of data or system to an LLM or agents.,LLM,https://www.reddit.com/r/mcp/comments/1mv6w5g/do_people_really_use_mcp_serverservice/,Do people really use MCP server/service? - Read about why MCP even exists ‚Äî generally it provides a common protocol for giving access to a source of data or system to an LLM or agents.
Which MCP servers have you found the most useful?,"Sequential thinking, GitHub, context 7, and Playwright. You can find curated list from Microsoft at the below link. You can find sequential ...",General MCP,https://www.reddit.com/r/GithubCopilot/comments/1mhy7va/which_mcp_servers_have_you_found_the_most_useful/,"Which MCP servers have you found the most useful? - Sequential thinking, GitHub, context 7, and Playwright. You can find curated list from Microsoft at the below link. You can find sequential ..."
Which MCP servers are you using and are indispensable?,"The Docs MCP Server helps you organize and access 3rd party documentation, i.e. libraries you're using. This enables your AI agent to access the ...",General MCP,https://www.reddit.com/r/mcp/comments/1l38mig/which_mcp_servers_are_you_using_and_are/,"Which MCP servers are you using and are indispensable? - The Docs MCP Server helps you organize and access 3rd party documentation, i.e. libraries you're using. This enables your AI agent to access the ..."
A directory of open-source MCP servers,Claude released a protocol called MCP. It standardizes how developers can develop extensions for AI to interact with.,LLM,https://www.reddit.com/r/ClaudeAI/comments/1haabm2/a_directory_of_opensource_mcp_servers/,A directory of open-source MCP servers - Claude released a protocol called MCP. It standardizes how developers can develop extensions for AI to interact with.
Hosting MCP servers,"We are hosting MCP servers at Supermachine. I think it's the only one where you can host your own custom MCPs from custom commands, custom repos, ENVs etc.",General MCP,https://www.reddit.com/r/mcp/comments/1jkhidv/hosting_mcp_servers/,"Hosting MCP servers - We are hosting MCP servers at Supermachine. I think it's the only one where you can host your own custom MCPs from custom commands, custom repos, ENVs etc."
A curated list of Model Context Protocol (MCP) servers,Someone just needs to make a meta-MCP server that allows Claude to create and store functionality so it just automatically grows.,LLM,https://www.reddit.com/r/ClaudeAI/comments/1h2cnf1/a_curated_list_of_model_context_protocol_mcp/,A curated list of Model Context Protocol (MCP) servers - Someone just needs to make a meta-MCP server that allows Claude to create and store functionality so it just automatically grows.
